{
    "name": "root",
    "gauges": {
        "CarAgent.Policy.Entropy.mean": {
            "value": 0.894551694393158,
            "min": 0.8941127061843872,
            "max": 2.1120715141296387,
            "count": 833
        },
        "CarAgent.Policy.Entropy.sum": {
            "value": 11222.1513671875,
            "min": 7096.36376953125,
            "max": 40179.8359375,
            "count": 833
        },
        "CarAgent.Policy.ExtrinsicValueEstimate.mean": {
            "value": 0.4534773826599121,
            "min": -14.322973251342773,
            "max": 7.892492771148682,
            "count": 833
        },
        "CarAgent.Policy.ExtrinsicValueEstimate.sum": {
            "value": 6.3486833572387695,
            "min": -241.037353515625,
            "max": 110.4948959350586,
            "count": 833
        },
        "CarAgent.IsTraining.mean": {
            "value": 1.0,
            "min": 1.0,
            "max": 1.0,
            "count": 833
        },
        "CarAgent.IsTraining.sum": {
            "value": 1.0,
            "min": 1.0,
            "max": 1.0,
            "count": 833
        },
        "CarAgent.Losses.PolicyLoss.mean": {
            "value": 0.02053582831673945,
            "min": 0.013831159715482499,
            "max": 0.03536642918479629,
            "count": 830
        },
        "CarAgent.Losses.PolicyLoss.sum": {
            "value": 0.02053582831673945,
            "min": 0.013831159715482499,
            "max": 0.06078044478587496,
            "count": 830
        },
        "CarAgent.Losses.ValueLoss.mean": {
            "value": 0.24793528442581494,
            "min": 0.03897082765276233,
            "max": 64.1573439280192,
            "count": 830
        },
        "CarAgent.Losses.ValueLoss.sum": {
            "value": 0.24793528442581494,
            "min": 0.04186250846832991,
            "max": 64.1573439280192,
            "count": 830
        },
        "CarAgent.Policy.LearningRate.mean": {
            "value": 1.9335993557999515e-07,
            "min": 1.9335993557999515e-07,
            "max": 0.00029961000013000003,
            "count": 830
        },
        "CarAgent.Policy.LearningRate.sum": {
            "value": 1.9335993557999515e-07,
            "min": 1.9335993557999515e-07,
            "max": 0.0005895808834730398,
            "count": 830
        },
        "CarAgent.Policy.Epsilon.mean": {
            "value": 0.10006441999999997,
            "min": 0.10006441999999997,
            "max": 0.19987,
            "count": 830
        },
        "CarAgent.Policy.Epsilon.sum": {
            "value": 0.10006441999999997,
            "min": 0.10006441999999997,
            "max": 0.39652696000000004,
            "count": 830
        },
        "CarAgent.Policy.Beta.mean": {
            "value": 1.0637757999999983e-05,
            "min": 1.0637757999999983e-05,
            "max": 0.0009987129999999998,
            "count": 830
        },
        "CarAgent.Policy.Beta.sum": {
            "value": 1.0637757999999983e-05,
            "min": 1.0637757999999983e-05,
            "max": 0.0019656169039999997,
            "count": 830
        },
        "CarAgent.Environment.EpisodeLength.mean": {
            "value": 1988.0,
            "min": 753.0,
            "max": 14641.0,
            "count": 730
        },
        "CarAgent.Environment.EpisodeLength.sum": {
            "value": 5964.0,
            "min": 792.0,
            "max": 48432.0,
            "count": 730
        },
        "CarAgent.Environment.CumulativeReward.mean": {
            "value": 12.197595278422037,
            "min": -219.53470611572266,
            "max": 140.4028787612915,
            "count": 730
        },
        "CarAgent.Environment.CumulativeReward.sum": {
            "value": 36.59278583526611,
            "min": -2423.1299743652344,
            "max": 693.2849555015564,
            "count": 730
        },
        "CarAgent.Policy.ExtrinsicReward.mean": {
            "value": 12.197595278422037,
            "min": -219.53470611572266,
            "max": 140.4028787612915,
            "count": 730
        },
        "CarAgent.Policy.ExtrinsicReward.sum": {
            "value": 36.59278583526611,
            "min": -2423.1299743652344,
            "max": 693.2849555015564,
            "count": 730
        }
    },
    "metadata": {
        "timer_format_version": "0.1.0",
        "start_time_seconds": "1621407986",
        "python_version": "3.7.10 (default, Feb 26 2021, 13:06:18) [MSC v.1916 64 bit (AMD64)]",
        "command_line_arguments": "C:\\Users\\RTX\\.conda\\envs\\ML-Agents-13\\Scripts\\mlagents-learn CarAgent10M.yaml --run-id=ProEasy10M1",
        "mlagents_version": "0.24.0",
        "mlagents_envs_version": "0.24.0",
        "communication_protocol_version": "1.4.0",
        "pytorch_version": "1.7.1+cu110",
        "numpy_version": "1.20.1",
        "end_time_seconds": "1621417052"
    },
    "total": 9065.8504095,
    "count": 1,
    "self": 0.011573600000701845,
    "children": {
        "run_training.setup": {
            "total": 0.09210759999999996,
            "count": 1,
            "self": 0.09210759999999996
        },
        "TrainerController.start_learning": {
            "total": 9065.7467283,
            "count": 1,
            "self": 16.480708799814238,
            "children": {
                "TrainerController._reset_env": {
                    "total": 5.5652668,
                    "count": 1,
                    "self": 5.5652668
                },
                "TrainerController.advance": {
                    "total": 9043.566198000186,
                    "count": 769627,
                    "self": 8.723361099802787,
                    "children": {
                        "env_step": {
                            "total": 9034.842836900383,
                            "count": 769627,
                            "self": 6016.760742300046,
                            "children": {
                                "SubprocessEnvManager._take_step": {
                                    "total": 3009.5592945004046,
                                    "count": 769627,
                                    "self": 39.000349700572315,
                                    "children": {
                                        "TorchPolicy.evaluate": {
                                            "total": 2970.5589447998323,
                                            "count": 769627,
                                            "self": 1035.7125212006122,
                                            "children": {
                                                "TorchPolicy.sample_actions": {
                                                    "total": 1934.84642359922,
                                                    "count": 769627,
                                                    "self": 1934.84642359922
                                                }
                                            }
                                        }
                                    }
                                },
                                "workers": {
                                    "total": 8.522800099931755,
                                    "count": 769627,
                                    "self": 0.0,
                                    "children": {
                                        "worker_root": {
                                            "total": 9045.334454799988,
                                            "count": 769627,
                                            "is_parallel": true,
                                            "self": 4557.811434999652,
                                            "children": {
                                                "steps_from_proto": {
                                                    "total": 0.0007193000000000893,
                                                    "count": 1,