{
    "name": "root",
    "gauges": {
        "CarAgent.Policy.Entropy.mean": {
            "value": 1.3781440258026123,
            "min": 1.3781440258026123,
            "max": 2.0759944915771484,
            "count": 10
        },
        "CarAgent.Policy.Entropy.sum": {
            "value": 68846.5625,
            "min": 68509.453125,
            "max": 105103.453125,
            "count": 10
        },
        "CarAgent.Policy.ExtrinsicValueEstimate.mean": {
            "value": 3.8681087493896484,
            "min": -10.092007637023926,
            "max": 4.106945514678955,
            "count": 10
        },
        "CarAgent.Policy.ExtrinsicValueEstimate.sum": {
            "value": 3075.146484375,
            "min": -8224.986328125,
            "max": 3256.8076171875,
            "count": 10
        },
        "CarAgent.Losses.PolicyLoss.mean": {
            "value": 0.026252983933760937,
            "min": 0.02051844209481108,
            "max": 0.026252983933760937,
            "count": 10
        },
        "CarAgent.Losses.PolicyLoss.sum": {
            "value": 0.13126491966880469,
            "min": 0.09205207297733674,
            "max": 0.13126491966880469,
            "count": 10
        },
        "CarAgent.Losses.ValueLoss.mean": {
            "value": 3.50128812233607,
            "min": 1.4866664175192514,
            "max": 45.446416929364204,
            "count": 10
        },
        "CarAgent.Losses.ValueLoss.sum": {
            "value": 17.50644061168035,
            "min": 7.433332087596257,
            "max": 181.78566771745682,
            "count": 10
        },
        "CarAgent.Policy.LearningRate.mean": {
            "value": 1.5257854914079995e-05,
            "min": 1.5257854914079995e-05,
            "max": 0.00028412910529029996,
            "count": 10
        },
        "CarAgent.Policy.LearningRate.sum": {
            "value": 7.628927457039997e-05,
            "min": 7.628927457039997e-05,
            "max": 0.0012799302733566,
            "count": 10
        },
        "CarAgent.Policy.Epsilon.mean": {
            "value": 0.10508592000000001,
            "min": 0.10508592000000001,
            "max": 0.19470969999999999,
            "count": 10
        },
        "CarAgent.Policy.Epsilon.sum": {
            "value": 0.5254296,
            "min": 0.5254296,
            "max": 0.9266434,
            "count": 10
        },
        "CarAgent.Policy.Beta.mean": {
            "value": 6.0350608e-05,
            "min": 6.0350608e-05,
            "max": 0.00094762603,
            "count": 10
        },
        "CarAgent.Policy.Beta.sum": {
            "value": 0.00030175304,
            "min": 0.00030175304,
            "max": 0.004273769659999999,
            "count": 10
        },
        "CarAgent.Environment.EpisodeLength.mean": {
            "value": 1670.892857142857,
            "min": 708.140625,
            "max": 2341.913043478261,
            "count": 10
        },
        "CarAgent.Environment.EpisodeLength.sum": {
            "value": 46785.0,
            "min": 36718.0,
            "max": 62702.0,
            "count": 10
        },
        "CarAgent.Environment.CumulativeReward.mean": {
            "value": 66.6962813061795,
            "min": -426.6903402853012,
            "max": 93.33405791916724,
            "count": 10
        },
        "CarAgent.Environment.CumulativeReward.sum": {
            "value": 1867.4958765730262,
            "min": -10667.25850713253,
            "max": 2706.68767965585,
            "count": 10
        },
        "CarAgent.Policy.ExtrinsicReward.mean": {
            "value": 66.6962813061795,
            "min": -426.6903402853012,
            "max": 93.33405791916724,
            "count": 10
        },
        "CarAgent.Policy.ExtrinsicReward.sum": {
            "value": 1867.4958765730262,
            "min": -10667.25850713253,
            "max": 2706.68767965585,
            "count": 10
        },
        "CarAgent.IsTraining.mean": {
            "value": 1.0,
            "min": 1.0,
            "max": 1.0,
            "count": 10
        },
        "CarAgent.IsTraining.sum": {
            "value": 1.0,
            "min": 1.0,
            "max": 1.0,
            "count": 10
        }
    },
    "metadata": {
        "timer_format_version": "0.1.0",
        "start_time_seconds": "1619682840",
        "python_version": "3.7.10 (default, Feb 26 2021, 13:06:18) [MSC v.1916 64 bit (AMD64)]",
        "command_line_arguments": "C:\\Users\\RTX\\.conda\\envs\\ML-Agents-13\\Scripts\\mlagents-learn CarAgent.yaml --run-id=Brakes1Hyper1",
        "mlagents_version": "0.24.0",
        "mlagents_envs_version": "0.24.0",
        "communication_protocol_version": "1.4.0",
        "pytorch_version": "1.7.1+cu110",
        "numpy_version": "1.20.1",
        "end_time_seconds": "1619683289"
    },
    "total": 449.0656313,
    "count": 1,
    "self": 0.006594000000006872,
    "children": {
        "run_training.setup": {
            "total": 0.3105940999999999,
            "count": 1,
            "self": 0.3105940999999999
        },
        "TrainerController.start_learning": {
            "total": 448.7484432,
            "count": 1,
            "self": 0.8829867000035279,
            "children": {
                "TrainerController._reset_env": {
                    "total": 9.6844515,
                    "count": 1,
                    "self": 9.6844515
                },
                "TrainerController.advance": {
                    "total": 438.0571111999964,
                    "count": 41716,
                    "self": 0.477149399995767,
                    "children": {
                        "env_step": {
                            "total": 437.57996180000066,
                            "count": 41716,
                            "self": 292.503853199999,
                            "children": {
                                "SubprocessEnvManager._take_step": {
                                    "total": 144.64054499999781,
                                    "count": 41716,
                                    "self": 2.0483322999942573,
                                    "children": {
                                        "TorchPolicy.evaluate": {
                                            "total": 142.59221270000356,
                                            "count": 41716,
                                            "self": 51.276623100004244,
                                            "children": {
                                                "TorchPolicy.sample_actions": {
                                                    "total": 91.31558959999931,
                                                    "count": 41716,
                                                    "self": 91.31558959999931
                                                }
                                            }
                                        }
                                    }
                                },
                                "workers": {
                                    "total": 0.4355636000038263,
                                    "count": 41716,
                                    "self": 0.0,
                                    "children": {
                                        "worker_root": {
                                            "total": 439.6927867000011,
                                            "count": 41716,
                                            "is_parallel": true,
                                            "self": 195.6920891000094,
                                            "children": {
                                                "steps_from_proto": {
                                                    "total": 0.0007380999999995197,
                                                    "count": 1,
                                                    "is_parallel": true,