{
    "name": "root",
    "gauges": {
        "CarAgent.Policy.Entropy.mean": {
            "value": 2.3344764709472656,
            "min": 2.3344647884368896,
            "max": 2.5827012062072754,
            "count": 1406
        },
        "CarAgent.Policy.Entropy.sum": {
            "value": 25296.38671875,
            "min": 17098.234375,
            "max": 36933.26953125,
            "count": 1406
        },
        "CarAgent.Policy.ExtrinsicValueEstimate.mean": {
            "value": -0.42719095945358276,
            "min": -3.83254337310791,
            "max": 7.802632808685303,
            "count": 1406
        },
        "CarAgent.Policy.ExtrinsicValueEstimate.sum": {
            "value": -5.980673313140869,
            "min": -57.48815155029297,
            "max": 109.70619201660156,
            "count": 1406
        },
        "CarAgent.Environment.EpisodeLength.mean": {
            "value": 3068.4,
            "min": 828.1666666666666,
            "max": 4270.5,
            "count": 1404
        },
        "CarAgent.Environment.EpisodeLength.sum": {
            "value": 15342.0,
            "min": 1126.0,
            "max": 23100.0,
            "count": 1404
        },
        "CarAgent.Environment.CumulativeReward.mean": {
            "value": 60.82555720806122,
            "min": -47.592023849487305,
            "max": 215.54695510864258,
            "count": 1404
        },
        "CarAgent.Environment.CumulativeReward.sum": {
            "value": 304.1277860403061,
            "min": -170.35910844802856,
            "max": 1128.7235298156738,
            "count": 1404
        },
        "CarAgent.Policy.ExtrinsicReward.mean": {
            "value": 60.82555720806122,
            "min": -47.592023849487305,
            "max": 215.54695510864258,
            "count": 1404
        },
        "CarAgent.Policy.ExtrinsicReward.sum": {
            "value": 304.1277860403061,
            "min": -170.35910844802856,
            "max": 1128.7235298156738,
            "count": 1404
        },
        "CarAgent.IsTraining.mean": {
            "value": 1.0,
            "min": 1.0,
            "max": 1.0,
            "count": 1406
        },
        "CarAgent.IsTraining.sum": {
            "value": 1.0,
            "min": 1.0,
            "max": 1.0,
            "count": 1406
        },
        "CarAgent.Losses.PolicyLoss.mean": {
            "value": 0.06486968391744596,
            "min": 0.0603134762444016,
            "max": 0.08020727743646618,
            "count": 1352
        },
        "CarAgent.Losses.PolicyLoss.sum": {
            "value": 0.06486968391744596,
            "min": 0.0603134762444016,
            "max": 0.08020727743646618,
            "count": 1352
        },
        "CarAgent.Losses.ValueLoss.mean": {
            "value": 7.076997088353618,
            "min": 0.7891763555847742,
            "max": 40.991265318181256,
            "count": 1352
        },
        "CarAgent.Losses.ValueLoss.sum": {
            "value": 7.076997088353618,
            "min": 0.7891763555847742,
            "max": 40.991265318181256,
            "count": 1352
        },
        "CarAgent.Policy.LearningRate.mean": {
            "value": 1.1010996333001592e-07,
            "min": 1.1010996333001592e-07,
            "max": 0.00010117708227432797,
            "count": 1352
        },
        "CarAgent.Policy.LearningRate.sum": {
            "value": 1.1010996333001592e-07,
            "min": 1.1010996333001592e-07,
            "max": 0.00010117708227432797,
            "count": 1352
        },
        "CarAgent.Policy.Epsilon.mean": {
            "value": 0.10003667000000002,
            "min": 0.10003667000000002,
            "max": 0.13372567200000002,
            "count": 1352
        },
        "CarAgent.Policy.Epsilon.sum": {
            "value": 0.10003667000000002,
            "min": 0.10003667000000002,
            "max": 0.13372567200000002,
            "count": 1352
        },
        "CarAgent.Policy.Beta.mean": {
            "value": 1.0363033000000053e-05,
            "min": 1.0363033000000053e-05,
            "max": 0.0003438841528000001,
            "count": 1352
        },
        "CarAgent.Policy.Beta.sum": {
            "value": 1.0363033000000053e-05,
            "min": 1.0363033000000053e-05,
            "max": 0.0003438841528000001,
            "count": 1352
        }
    },
    "metadata": {
        "timer_format_version": "0.1.0",
        "start_time_seconds": "1617876163",
        "python_version": "3.7.10 (default, Feb 26 2021, 13:06:18) [MSC v.1916 64 bit (AMD64)]",
        "command_line_arguments": "C:\\Users\\RTX\\.conda\\envs\\ML-Agents-13\\Scripts\\mlagents-learn CarAgent.yaml --run-id=HardTrackHighRewards1 --resume",
        "mlagents_version": "0.24.0",
        "mlagents_envs_version": "0.24.0",
        "communication_protocol_version": "1.4.0",
        "pytorch_version": "1.7.1+cu110",
        "numpy_version": "1.20.1",
        "end_time_seconds": "1617893367"
    },
    "total": 17203.7112878,
    "count": 1,
    "self": 0.030733799998415634,
    "children": {
        "run_training.setup": {
            "total": 0.33229350000000046,
            "count": 1,
            "self": 0.33229350000000046
        },
        "TrainerController.start_learning": {
            "total": 17203.348260500003,
            "count": 1,
            "self": 51.5816726998346,
            "children": {
                "TrainerController._reset_env": {
                    "total": 16.4145552,
                    "count": 1,
                    "self": 16.4145552
                },
                "TrainerController.advance": {
                    "total": 17135.276634100166,
                    "count": 2813091,
                    "self": 27.94330010025078,
                    "children": {
                        "env_step": {
                            "total": 17107.333333999915,
                            "count": 2813091,
                            "self": 11879.968768699677,
                            "children": {
                                "SubprocessEnvManager._take_step": {
                                    "total": 5201.743422100499,
                                    "count": 2813091,
                                    "self": 122.23751870076558,
                                    "children": {
                                        "TorchPolicy.evaluate": {
                                            "total": 5079.505903399733,
                                            "count": 2813091,
                                            "self": 1727.745140501157,
                                            "children": {
                                                "TorchPolicy.sample_actions": {
                                                    "total": 3351.760762898576,
                                                    "count": 2813091,
                                                    "self": 3351.760762898576
                                                }
                                            }
                                        }
                                    }
                                },
                                "workers": {
                                    "total": 25.621143199740676,
                                    "count": 2813091,
                                    "self": 0.0,
                                    "children": {
                                        "worker_root": {
                                            "total": 17140.926072198392,
                                            "count": 2813091,
                                            "is_parallel": true,
                                            "self": 7620.5396826986525,