{
    "name": "root",
    "gauges": {
        "CarAgent.Policy.Entropy.mean": {
            "value": -0.46008434891700745,
            "min": -0.46008434891700745,
            "max": 1.85292387008667,
            "count": 21
        },
        "CarAgent.Policy.Entropy.sum": {
            "value": -4594.8623046875,
            "min": -4594.8623046875,
            "max": 19563.169921875,
            "count": 21
        },
        "CarAgent.Policy.ExtrinsicValue.mean": {
            "value": 15.754803657531738,
            "min": -3.6521148681640625,
            "max": 15.754803657531738,
            "count": 21
        },
        "CarAgent.Policy.ExtrinsicValue.sum": {
            "value": 2520.7685546875,
            "min": -584.33837890625,
            "max": 2520.7685546875,
            "count": 21
        },
        "CarAgent.Losses.PolicyLoss.mean": {
            "value": -30.112640690168785,
            "min": -30.112640690168785,
            "max": 6.378098650955393,
            "count": 21
        },
        "CarAgent.Losses.PolicyLoss.sum": {
            "value": -60165.05609895723,
            "min": -60165.05609895723,
            "max": 12762.575400561742,
            "count": 21
        },
        "CarAgent.Losses.ValueLoss.mean": {
            "value": 0.05531090181979595,
            "min": 0.04875970917516258,
            "max": 0.11645038584202597,
            "count": 21
        },
        "CarAgent.Losses.ValueLoss.sum": {
            "value": 110.5111818359523,
            "min": 97.76321689620097,
            "max": 209.36359172773626,
            "count": 21
        },
        "CarAgent.Losses.Q1Loss.mean": {
            "value": 4.113032520226455,
            "min": 1.8564034059107961,
            "max": 4.113032520226455,
            "count": 21
        },
        "CarAgent.Losses.Q1Loss.sum": {
            "value": 8217.838975412458,
            "min": 3461.7338751134066,
            "max": 8217.838975412458,
            "count": 21
        },
        "CarAgent.Losses.Q2Loss.mean": {
            "value": 4.100420593974274,
            "min": 1.8561324021244459,
            "max": 4.100420593974274,
            "count": 21
        },
        "CarAgent.Losses.Q2Loss.sum": {
            "value": 8192.6403467606,
            "min": 3412.2378349584296,
            "max": 8192.6403467606,
            "count": 21
        },
        "CarAgent.Policy.DiscreteEntropyCoeff.mean": {
            "value": 0.17232953567250686,
            "min": 0.08370327108699262,
            "max": 0.5610850982653401,
            "count": 21
        },
        "CarAgent.Policy.DiscreteEntropyCoeff.sum": {
            "value": 344.3144122736687,
            "min": 166.7369160052893,
            "max": 925.229327039546,
            "count": 21
        },
        "CarAgent.Policy.ContinuousEntropyCoeff.mean": {
            "value": 0.03803083132531468,
            "min": 0.026759169007500475,
            "max": 0.5589371128659137,
            "count": 21
        },
        "CarAgent.Policy.ContinuousEntropyCoeff.sum": {
            "value": 75.98560098797873,
            "min": 53.652133860038454,
            "max": 921.6872991158917,
            "count": 21
        },
        "CarAgent.Policy.LearningRate.mean": {
            "value": 0.0003,
            "min": 0.0003,
            "max": 0.0003,
            "count": 21
        },
        "CarAgent.Policy.LearningRate.sum": {
            "value": 0.5993999999999999,
            "min": 0.4947,
            "max": 0.6035999999999999,
            "count": 21
        },
        "CarAgent.Environment.EpisodeLength.mean": {
            "value": 1499.0,
            "min": 1242.0,
            "max": 1694.3333333333333,
            "count": 21
        },
        "CarAgent.Environment.EpisodeLength.sum": {
            "value": 10493.0,
            "min": 8994.0,
            "max": 10493.0,
            "count": 21
        },
        "CarAgent.Environment.CumulativeReward.mean": {
            "value": -203.70566940307617,
            "min": -207.79461644093195,
            "max": -112.14291408658028,
            "count": 21
        },
        "CarAgent.Environment.CumulativeReward.sum": {
            "value": -1222.234016418457,
            "min": -1431.6230344176292,
            "max": -897.1433126926422,
            "count": 21
        },
        "CarAgent.Policy.ExtrinsicReward.mean": {
            "value": -203.70566940307617,
            "min": -207.79461644093195,
            "max": -112.14291408658028,
            "count": 21
        },
        "CarAgent.Policy.ExtrinsicReward.sum": {
            "value": -1222.234016418457,
            "min": -1431.6230344176292,
            "max": -897.1433126926422,
            "count": 21
        },
        "CarAgent.IsTraining.mean": {
            "value": 1.0,
            "min": 1.0,
            "max": 1.0,
            "count": 21
        },
        "CarAgent.IsTraining.sum": {
            "value": 1.0,
            "min": 1.0,
            "max": 1.0,
            "count": 21
        }
    },
    "metadata": {
        "timer_format_version": "0.1.0",
        "start_time_seconds": "1620844770",
        "python_version": "3.7.10 (default, Feb 26 2021, 13:06:18) [MSC v.1916 64 bit (AMD64)]",
        "command_line_arguments": "C:\\Users\\RTX\\.conda\\envs\\ML-Agents-13\\Scripts\\mlagents-learn CarAgentSAC.yaml --run-id=SAC5",
        "mlagents_version": "0.24.0",
        "mlagents_envs_version": "0.24.0",
        "communication_protocol_version": "1.4.0",
        "pytorch_version": "1.7.1+cu110",
        "numpy_version": "1.20.1",
        "end_time_seconds": "1620846749"
    },
    "total": 1979.2549857000001,
    "count": 1,
    "self": 0.004044300000032308,
    "children": {
        "run_training.setup": {
            "total": 0.10165849999999998,
            "count": 1,
            "self": 0.10165849999999998
        },
        "TrainerController.start_learning": {
            "total": 1979.1492829000001,
            "count": 1,
            "self": 5.271638200005555,
            "children": {
                "TrainerController._reset_env": {
                    "total": 7.594914800000001,
                    "count": 1,
                    "self": 7.594914800000001
                },
                "TrainerController.advance": {
                    "total": 1959.4517975999947,
                    "count": 216851,
                    "self": 2.2610756999856676,
                    "children": {
                        "env_step": {
                            "total": 1957.190721900009,
                            "count": 216851,
                            "self": 946.7096913000156,
                            "children": {
                                "SubprocessEnvManager._take_step": {
                                    "total": 1008.3695888999982,
                                    "count": 216851,
                                    "self": 8.905077100016229,
                                    "children": {
                                        "TorchPolicy.evaluate": {
                                            "total": 999.464511799982,
                                            "count": 216851,
                                            "self": 264.6497300998941,
                                            "children": {
                                                "TorchPolicy.sample_actions": {
                                                    "total": 734.8147817000879,
                                                    "count": 216851,
                                                    "self": 734.8147817000879
                                                }
                                            }
                                        }
                                    }
                                },
                                "workers": {
                                    "total": 2.1114416999952805,