{
    "name": "root",
    "gauges": {
        "CarAgent.Policy.Entropy.mean": {
            "value": 0.34354162216186523,
            "min": -1.066391110420227,
            "max": 1.9694799184799194,
            "count": 1598
        },
        "CarAgent.Policy.Entropy.sum": {
            "value": 3407.245849609375,
            "min": -10614.857421875,
            "max": 21589.439453125,
            "count": 1598
        },
        "CarAgent.Policy.ExtrinsicValue.mean": {
            "value": 5472.01708984375,
            "min": -9.184572219848633,
            "max": 5472.01708984375,
            "count": 1598
        },
        "CarAgent.Policy.ExtrinsicValue.sum": {
            "value": 875522.75,
            "min": -1464.23828125,
            "max": 875522.75,
            "count": 1598
        },
        "CarAgent.Losses.PolicyLoss.mean": {
            "value": -5324.903560818009,
            "min": -7427.834357380718,
            "max": 17.1930127152739,
            "count": 1598
        },
        "CarAgent.Losses.PolicyLoss.sum": {
            "value": -5335553.367939645,
            "min": -7420406.523023337,
            "max": 17433.71489328773,
            "count": 1598
        },
        "CarAgent.Losses.ValueLoss.mean": {
            "value": 313287.4973509826,
            "min": 0.004851698405784908,
            "max": 328264.3683625882,
            "count": 1598
        },
        "CarAgent.Losses.ValueLoss.sum": {
            "value": 313914072.3456846,
            "min": 4.861401802596478,
            "max": 328920897.0993134,
            "count": 1598
        },
        "CarAgent.Losses.Q1Loss.mean": {
            "value": 109831.82081802415,
            "min": 0.0033188375852386226,
            "max": 756002.67427593,
            "count": 1598
        },
        "CarAgent.Losses.Q1Loss.sum": {
            "value": 110051484.4596602,
            "min": 3.1197073301243052,
            "max": 755246671.601654,
            "count": 1598
        },
        "CarAgent.Losses.Q2Loss.mean": {
            "value": 109564.76983347053,
            "min": 0.0034501195625663617,
            "max": 747782.36257876,
            "count": 1598
        },
        "CarAgent.Losses.Q2Loss.sum": {
            "value": 109783899.37313747,
            "min": 3.24311238881238,
            "max": 747034580.2161813,
            "count": 1598
        },
        "CarAgent.Policy.DiscreteEntropyCoeff.mean": {
            "value": 9.287504502616358,
            "min": 0.0036173479429973906,
            "max": 9.287504502616358,
            "count": 1598
        },
        "CarAgent.Policy.DiscreteEntropyCoeff.sum": {
            "value": 9306.07951162159,
            "min": 3.6245826388833855,
            "max": 9306.07951162159,
            "count": 1598
        },
        "CarAgent.Policy.ContinuousEntropyCoeff.mean": {
            "value": 5.983073170241741,
            "min": 0.003937513930881402,
            "max": 5.983073170241741,
            "count": 1598
        },
        "CarAgent.Policy.ContinuousEntropyCoeff.sum": {
            "value": 5995.039316582224,
            "min": 3.9453889587431643,
            "max": 5995.039316582224,
            "count": 1598
        },
        "CarAgent.Policy.LearningRate.mean": {
            "value": 0.0003,
            "min": 0.00029999999999999987,
            "max": 0.00030000000000000003,
            "count": 1598
        },
        "CarAgent.Policy.LearningRate.sum": {
            "value": 0.3006,
            "min": 0.2622,
            "max": 0.33720000000000006,
            "count": 1598
        },
        "CarAgent.IsTraining.mean": {
            "value": 1.0,
            "min": 1.0,
            "max": 1.0,
            "count": 1598
        },
        "CarAgent.IsTraining.sum": {
            "value": 1.0,
            "min": 1.0,
            "max": 1.0,
            "count": 1598
        },
        "CarAgent.Environment.EpisodeLength.mean": {
            "value": 1499.0,
            "min": 769.6,
            "max": 2507.5,
            "count": 1597
        },
        "CarAgent.Environment.EpisodeLength.sum": {
            "value": 13491.0,
            "min": 914.0,
            "max": 17281.0,
            "count": 1597
        },
        "CarAgent.Environment.CumulativeReward.mean": {
            "value": -233.93900367617607,
            "min": -262.33260199427605,
            "max": -57.673988454871704,
            "count": 1595
        },
        "CarAgent.Environment.CumulativeReward.sum": {
            "value": -1403.6340220570564,
            "min": -2247.57103151083,
            "max": -221.58900320529938,
            "count": 1595
        },
        "CarAgent.Policy.ExtrinsicReward.mean": {
            "value": -233.93900367617607,
            "min": -262.33260199427605,
            "max": -57.673988454871704,
            "count": 1595
        },
        "CarAgent.Policy.ExtrinsicReward.sum": {
            "value": -1403.6340220570564,
            "min": -2247.57103151083,
            "max": -221.58900320529938,
            "count": 1595
        }
    },
    "metadata": {
        "timer_format_version": "0.1.0",
        "start_time_seconds": "1620786408",
        "python_version": "3.7.10 (default, Feb 26 2021, 13:06:18) [MSC v.1916 64 bit (AMD64)]",
        "command_line_arguments": "C:\\Users\\RTX\\.conda\\envs\\ML-Agents-13\\Scripts\\mlagents-learn CarAgentSAC.yaml --run-id=SAC3",
        "mlagents_version": "0.24.0",
        "mlagents_envs_version": "0.24.0",
        "communication_protocol_version": "1.4.0",
        "pytorch_version": "1.7.1+cu110",
        "numpy_version": "1.20.1",
        "end_time_seconds": "1620828976"
    },
    "total": 42568.5906701,
    "count": 1,
    "self": 0.014892200000758749,
    "children": {
        "run_training.setup": {
            "total": 0.10366560000000002,
            "count": 1,
            "self": 0.10366560000000002
        },
        "TrainerController.start_learning": {
            "total": 42568.4721123,
            "count": 1,
            "self": 39.7323131992307,
            "children": {
                "TrainerController._reset_env": {
                    "total": 6.5830749,
                    "count": 1,
                    "self": 6.5830749
                },
                "TrainerController.advance": {
                    "total": 42522.03540830076,
                    "count": 1775992,
                    "self": 20.042614600832167,
                    "children": {
                        "env_step": {
                            "total": 42501.99279369993,
                            "count": 1775992,
                            "self": 35333.85922879495,
                            "children": {
                                "SubprocessEnvManager._take_step": {
                                    "total": 7149.03277130345,
                                    "count": 1775992,
                                    "self": 83.17948830281603,
                                    "children": {
                                        "TorchPolicy.evaluate": {
                                            "total": 7065.853283000634,
                                            "count": 1775992,
                                            "self": 2226.005345497838,
                                            "children": {
                                                "TorchPolicy.sample_actions": {
                                                    "total": 4839.847937502796,
                                                    "count": 1775992,
                                                    "self": 4839.847937502796
                                                }
                                            }
                                        }
                                    }
                                },
                                "workers": {
                                    "total": 19.10079360153118,