{
    "name": "root",
    "gauges": {
        "CarAgent.Policy.Entropy.mean": {
            "value": 0.956076443195343,
            "min": 0.9559792280197144,
            "max": 2.112057685852051,
            "count": 833
        },
        "CarAgent.Policy.Entropy.sum": {
            "value": 10506.32421875,
            "min": 8803.4228515625,
            "max": 28721.87109375,
            "count": 833
        },
        "CarAgent.Policy.ExtrinsicValueEstimate.mean": {
            "value": 0.5091856718063354,
            "min": -13.804361343383789,
            "max": 5.940282344818115,
            "count": 833
        },
        "CarAgent.Policy.ExtrinsicValueEstimate.sum": {
            "value": 7.128599643707275,
            "min": -215.78225708007812,
            "max": 89.10423278808594,
            "count": 833
        },
        "CarAgent.Environment.EpisodeLength.mean": {
            "value": 2860.25,
            "min": 464.0,
            "max": 7643.0,
            "count": 818
        },
        "CarAgent.Environment.EpisodeLength.sum": {
            "value": 11441.0,
            "min": 464.0,
            "max": 37525.0,
            "count": 818
        },
        "CarAgent.Environment.CumulativeReward.mean": {
            "value": -0.6576004028320312,
            "min": -206.4607883453369,
            "max": 141.01870441436768,
            "count": 820
        },
        "CarAgent.Environment.CumulativeReward.sum": {
            "value": -2.630401611328125,
            "min": -1741.3109703063965,
            "max": 770.5378246307373,
            "count": 820
        },
        "CarAgent.Policy.ExtrinsicReward.mean": {
            "value": -0.6576004028320312,
            "min": -206.4607883453369,
            "max": 141.01870441436768,
            "count": 820
        },
        "CarAgent.Policy.ExtrinsicReward.sum": {
            "value": -2.630401611328125,
            "min": -1741.3109703063965,
            "max": 770.5378246307373,
            "count": 820
        },
        "CarAgent.IsTraining.mean": {
            "value": 1.0,
            "min": 1.0,
            "max": 1.0,
            "count": 833
        },
        "CarAgent.IsTraining.sum": {
            "value": 1.0,
            "min": 1.0,
            "max": 1.0,
            "count": 833
        },
        "CarAgent.Losses.PolicyLoss.mean": {
            "value": 0.021381924731152444,
            "min": 0.014346169407447935,
            "max": 0.034581786727843185,
            "count": 832
        },
        "CarAgent.Losses.PolicyLoss.sum": {
            "value": 0.021381924731152444,
            "min": 0.014346169407447935,
            "max": 0.05983846692445999,
            "count": 832
        },
        "CarAgent.Losses.ValueLoss.mean": {
            "value": 6.80429941813151,
            "min": 0.058492100114623705,
            "max": 56.28285334660457,
            "count": 832
        },
        "CarAgent.Losses.ValueLoss.sum": {
            "value": 6.80429941813151,
            "min": 0.058492100114623705,
            "max": 78.87417192459107,
            "count": 832
        },
        "CarAgent.Policy.LearningRate.mean": {
            "value": 3.311798896399946e-07,
            "min": 3.311798896399946e-07,
            "max": 0.0002995947301350899,
            "count": 832
        },
        "CarAgent.Policy.LearningRate.sum": {
            "value": 3.311798896399946e-07,
            "min": 3.311798896399946e-07,
            "max": 0.00059243268252244,
            "count": 832
        },
        "CarAgent.Policy.Epsilon.mean": {
            "value": 0.10011036,
            "min": 0.10011036,
            "max": 0.19986490999999992,
            "count": 832
        },
        "CarAgent.Policy.Epsilon.sum": {
            "value": 0.10011036,
            "min": 0.10011036,
            "max": 0.3974775600000001,
            "count": 832
        },
        "CarAgent.Policy.Beta.mean": {
            "value": 1.1092563999999987e-05,
            "min": 1.1092563999999987e-05,
            "max": 0.0009986626090000002,
            "count": 832
        },
        "CarAgent.Policy.Beta.sum": {
            "value": 1.1092563999999987e-05,
            "min": 1.1092563999999987e-05,
            "max": 0.001975027844,
            "count": 832
        }
    },
    "metadata": {
        "timer_format_version": "0.1.0",
        "start_time_seconds": "1621313676",
        "python_version": "3.7.10 (default, Feb 26 2021, 13:06:18) [MSC v.1916 64 bit (AMD64)]",
        "command_line_arguments": "C:\\Users\\RTX\\.conda\\envs\\ML-Agents-13\\Scripts\\mlagents-learn CarAgent10M.yaml --run-id=ProFinal10M",
        "mlagents_version": "0.24.0",
        "mlagents_envs_version": "0.24.0",
        "communication_protocol_version": "1.4.0",
        "pytorch_version": "1.7.1+cu110",
        "numpy_version": "1.20.1",
        "end_time_seconds": "1621324473"
    },
    "total": 10796.8230633,
    "count": 1,
    "self": 0.008886100000381703,
    "children": {
        "run_training.setup": {
            "total": 0.10131139999999994,
            "count": 1,
            "self": 0.10131139999999994
        },
        "TrainerController.start_learning": {
            "total": 10796.7128658,
            "count": 1,
            "self": 23.103448000048957,
            "children": {
                "TrainerController._reset_env": {
                    "total": 6.5609732,
                    "count": 1,
                    "self": 6.5609732
                },
                "TrainerController.advance": {
                    "total": 10766.952368299952,
                    "count": 1111526,
                    "self": 12.950054200169689,
                    "children": {
                        "env_step": {
                            "total": 10754.002314099782,
                            "count": 1111526,
                            "self": 6805.716678399118,
                            "children": {
                                "SubprocessEnvManager._take_step": {
                                    "total": 3936.14084330064,
                                    "count": 1111526,
                                    "self": 53.216139600773204,
                                    "children": {
                                        "TorchPolicy.evaluate": {
                                            "total": 3882.9247036998668,
                                            "count": 1111526,
                                            "self": 1336.0405339996837,
                                            "children": {
                                                "TorchPolicy.sample_actions": {
                                                    "total": 2546.884169700183,
                                                    "count": 1111526,
                                                    "self": 2546.884169700183
                                                }
                                            }
                                        }
                                    }
                                },
                                "workers": {
                                    "total": 12.1447924000236,
                                    "count": 1111526,
                                    "self": 0.0,
                                    "children": {
                                        "worker_root": {
                                            "total": 10768.05427429978,
                                            "count": 1111526,
                                            "is_parallel": true,
                                            "self": 5090.284132900139,
                                            "children": {
                                                "steps_from_proto": {
                                                    "total": 0.0005567000000006317,
                                                    "count": 1,