{
    "name": "root",
    "gauges": {
        "CarAgent.Policy.Entropy.mean": {
            "value": 0.8799364566802979,
            "min": 0.8799364566802979,
            "max": 2.1120753288269043,
            "count": 833
        },
        "CarAgent.Policy.Entropy.sum": {
            "value": 9534.9912109375,
            "min": 6255.806640625,
            "max": 37454.3046875,
            "count": 833
        },
        "CarAgent.Policy.ExtrinsicValueEstimate.mean": {
            "value": 12.37496566772461,
            "min": -17.987211227416992,
            "max": 13.422341346740723,
            "count": 833
        },
        "CarAgent.Policy.ExtrinsicValueEstimate.sum": {
            "value": 197.99945068359375,
            "min": -305.7825927734375,
            "max": 241.60214233398438,
            "count": 833
        },
        "CarAgent.IsTraining.mean": {
            "value": 1.0,
            "min": 1.0,
            "max": 1.0,
            "count": 833
        },
        "CarAgent.IsTraining.sum": {
            "value": 1.0,
            "min": 1.0,
            "max": 1.0,
            "count": 833
        },
        "CarAgent.Losses.PolicyLoss.mean": {
            "value": 0.02185927940105709,
            "min": 0.01413590542797465,
            "max": 0.0347779600492989,
            "count": 825
        },
        "CarAgent.Losses.PolicyLoss.sum": {
            "value": 0.02185927940105709,
            "min": 0.01413590542797465,
            "max": 0.05915444012304458,
            "count": 825
        },
        "CarAgent.Losses.ValueLoss.mean": {
            "value": 2.18318909406662,
            "min": 0.26232126129396033,
            "max": 57.27286745707194,
            "count": 825
        },
        "CarAgent.Losses.ValueLoss.sum": {
            "value": 2.18318909406662,
            "min": 0.26232126129396033,
            "max": 57.27286745707194,
            "count": 825
        },
        "CarAgent.Policy.LearningRate.mean": {
            "value": 3.28089890669989e-07,
            "min": 3.28089890669989e-07,
            "max": 0.00029964000012,
            "count": 825
        },
        "CarAgent.Policy.LearningRate.sum": {
            "value": 3.28089890669989e-07,
            "min": 3.28089890669989e-07,
            "max": 0.00057442101852633,
            "count": 825
        },
        "CarAgent.Policy.Epsilon.mean": {
            "value": 0.10010933,
            "min": 0.10010933,
            "max": 0.19988,
            "count": 825
        },
        "CarAgent.Policy.Epsilon.sum": {
            "value": 0.10010933,
            "min": 0.10010933,
            "max": 0.39147367,
            "count": 825
        },
        "CarAgent.Policy.Beta.mean": {
            "value": 1.1082366999999968e-05,
            "min": 1.1082366999999968e-05,
            "max": 0.000998812,
            "count": 825
        },
        "CarAgent.Policy.Beta.sum": {
            "value": 1.1082366999999968e-05,
            "min": 1.1082366999999968e-05,
            "max": 0.0019155893329999996,
            "count": 825
        },
        "CarAgent.Environment.EpisodeLength.mean": {
            "value": 3063.5,
            "min": 520.0,
            "max": 6834.0,
            "count": 823
        },
        "CarAgent.Environment.EpisodeLength.sum": {
            "value": 18381.0,
            "min": 520.0,
            "max": 31713.0,
            "count": 823
        },
        "CarAgent.Environment.CumulativeReward.mean": {
            "value": 139.66282348632814,
            "min": -201.31884098052979,
            "max": 141.44501972198486,
            "count": 827
        },
        "CarAgent.Environment.CumulativeReward.sum": {
            "value": 698.3141174316406,
            "min": -2246.819999694824,
            "max": 1383.320224761963,
            "count": 827
        },
        "CarAgent.Policy.ExtrinsicReward.mean": {
            "value": 139.66282348632814,
            "min": -201.31884098052979,
            "max": 141.44501972198486,
            "count": 827
        },
        "CarAgent.Policy.ExtrinsicReward.sum": {
            "value": 698.3141174316406,
            "min": -2246.819999694824,
            "max": 1383.320224761963,
            "count": 827
        }
    },
    "metadata": {
        "timer_format_version": "0.1.0",
        "start_time_seconds": "1621301724",
        "python_version": "3.7.10 (default, Feb 26 2021, 13:06:18) [MSC v.1916 64 bit (AMD64)]",
        "command_line_arguments": "C:\\Users\\RTX\\.conda\\envs\\ML-Agents-13\\Scripts\\mlagents-learn CarAgent10M.yaml --run-id=MultiTrackFinal10M1",
        "mlagents_version": "0.24.0",
        "mlagents_envs_version": "0.24.0",
        "communication_protocol_version": "1.4.0",
        "pytorch_version": "1.7.1+cu110",
        "numpy_version": "1.20.1",
        "end_time_seconds": "1621310625"
    },
    "total": 8900.3569724,
    "count": 1,
    "self": 0.006302499999947031,
    "children": {
        "run_training.setup": {
            "total": 0.09681850000000003,
            "count": 1,
            "self": 0.09681850000000003
        },
        "TrainerController.start_learning": {
            "total": 8900.2538514,
            "count": 1,
            "self": 16.56639619971793,
            "children": {
                "TrainerController._reset_env": {
                    "total": 13.430252,
                    "count": 1,
                    "self": 13.430252
                },
                "TrainerController.advance": {
                    "total": 8870.162432400284,
                    "count": 833873,
                    "self": 9.070079299604913,
                    "children": {
                        "env_step": {
                            "total": 8861.09235310068,
                            "count": 833873,
                            "self": 5950.144445001002,
                            "children": {
                                "SubprocessEnvManager._take_step": {
                                    "total": 2902.2940437000007,
                                    "count": 833873,
                                    "self": 38.48563629971977,
                                    "children": {
                                        "TorchPolicy.evaluate": {
                                            "total": 2863.808407400281,
                                            "count": 833873,
                                            "self": 915.2425446000298,
                                            "children": {
                                                "TorchPolicy.sample_actions": {
                                                    "total": 1948.5658628002511,
                                                    "count": 833873,
                                                    "self": 1948.5658628002511
                                                }
                                            }
                                        }
                                    }
                                },
                                "workers": {
                                    "total": 8.65386439967688,
                                    "count": 833873,
                                    "self": 0.0,
                                    "children": {
                                        "worker_root": {
                                            "total": 8872.329315900373,
                                            "count": 833873,
                                            "is_parallel": true,
                                            "self": 3829.156419600785,
                                            "children": {
                                                "steps_from_proto": {
                                                    "total": 0.0005717999999994561,
                                                    "count": 1,
                                                    "is_parallel": true,