{
    "name": "root",
    "gauges": {
        "CarAgent.Policy.Entropy.mean": {
            "value": 2.1120595932006836,
            "min": 2.1120595932006836,
            "max": 2.1120595932006836,
            "count": 1
        },
        "CarAgent.Policy.Entropy.sum": {
            "value": 28225.564453125,
            "min": 28225.564453125,
            "max": 28225.564453125,
            "count": 1
        },
        "CarAgent.Policy.ExtrinsicValueEstimate.mean": {
            "value": 0.038405898958444595,
            "min": 0.038405898958444595,
            "max": 0.038405898958444595,
            "count": 1
        },
        "CarAgent.Policy.ExtrinsicValueEstimate.sum": {
            "value": 0.42246487736701965,
            "min": 0.42246487736701965,
            "max": 0.42246487736701965,
            "count": 1
        },
        "CarAgent.IsTraining.mean": {
            "value": 1.0,
            "min": 1.0,
            "max": 1.0,
            "count": 1
        },
        "CarAgent.IsTraining.sum": {
            "value": 1.0,
            "min": 1.0,
            "max": 1.0,
            "count": 1
        }
    },
    "metadata": {
        "timer_format_version": "0.1.0",
        "start_time_seconds": "1621407360",
        "python_version": "3.7.10 (default, Feb 26 2021, 13:06:18) [MSC v.1916 64 bit (AMD64)]",
        "command_line_arguments": "C:\\Users\\RTX\\.conda\\envs\\ML-Agents-13\\Scripts\\mlagents-learn CarAgent10M.yaml --run-id=ProEasy10M",
        "mlagents_version": "0.24.0",
        "mlagents_envs_version": "0.24.0",
        "communication_protocol_version": "1.4.0",
        "pytorch_version": "1.7.1+cu110",
        "numpy_version": "1.20.1",
        "end_time_seconds": "1621407380"
    },
    "total": 19.482263,
    "count": 1,
    "self": 0.003462999999999994,
    "children": {
        "run_training.setup": {
            "total": 0.1292500000000001,
            "count": 1,
            "self": 0.1292500000000001
        },
        "TrainerController.start_learning": {
            "total": 19.34955,
            "count": 1,
            "self": 0.1215011000000139,
            "children": {
                "TrainerController._reset_env": {
                    "total": 5.708516100000001,
                    "count": 1,
                    "self": 5.708516100000001
                },
                "TrainerController.advance": {
                    "total": 13.385090999999987,
                    "count": 1101,
                    "self": 0.01260979999994305,
                    "children": {
                        "env_step": {
                            "total": 13.372481200000044,
                            "count": 1101,
                            "self": 8.685393000000033,
                            "children": {
                                "SubprocessEnvManager._take_step": {
                                    "total": 4.6758464999999845,
                                    "count": 1101,
                                    "self": 0.05843420000006461,
                                    "children": {
                                        "TorchPolicy.evaluate": {
                                            "total": 4.61741229999992,
                                            "count": 1101,
                                            "self": 1.3776513999998974,
                                            "children": {
                                                "TorchPolicy.sample_actions": {
                                                    "total": 3.2397609000000225,
                                                    "count": 1101,
                                                    "self": 3.2397609000000225
                                                }
                                            }
                                        }
                                    }
                                },
                                "workers": {
                                    "total": 0.011241700000026889,
                                    "count": 1100,
                                    "self": 0.0,
                                    "children": {
                                        "worker_root": {
                                            "total": 14.437882099999982,
                                            "count": 1100,
                                            "is_parallel": true,
                                            "self": 7.196452000000009,
                                            "children": {
                                                "steps_from_proto": {
                                                    "total": 0.0005861000000004779,
                                                    "count": 1,
                                                    "is_parallel": true,
                                                    "self": 0.00019210000000047245,
                                                    "children": {
                                                        "_process_vector_observation": {
                                                            "total": 0.00039400000000000546,
                                                            "count": 6,
                                                            "is_parallel": true,
                                                            "self": 0.00039400000000000546
                                                        }
                                                    }
                                                },
                                                "UnityEnvironment.step": {
                                                    "total": 7.2408439999999725,
                                                    "count": 1100,
                                                    "is_parallel": true,
                                                    "self": 0.1524534999999556,
                                                    "children": {
                                                        "UnityEnvironment._generate_step_input": {
                                                            "total": 0.18980059999998744,
                                                            "count": 1100,
                                                            "is_parallel": true,
                                                            "self": 0.18980059999998744
                                                        },
                                                        "communicator.exchange": {
                                                            "total": 6.344988400000014,
                                                            "count": 1100,
                                                            "is_parallel": true,
                                                            "self": 6.344988400000014
                                                        },
                                                        "steps_from_proto": {
                                                            "total": 0.5536015000000152,
                                                            "count": 1100,
                                                            "is_parallel": true,
                                                            "self": 0.18469830000000975,
                                                            "children": {
                                                                "_process_vector_observation": {
                                                                    "total": 0.3689032000000054,
                                                                    "count": 6600,
                                                                    "is_parallel": true,