{
    "name": "root",
    "gauges": {
        "CarAgent.Policy.Entropy.mean": {
            "value": 1.1009055376052856,
            "min": 1.1008930206298828,
            "max": 2.112043619155884,
            "count": 416
        },
        "CarAgent.Policy.Entropy.sum": {
            "value": 9749.619140625,
            "min": 9351.4931640625,
            "max": 36988.1640625,
            "count": 416
        },
        "CarAgent.Policy.ExtrinsicValueEstimate.mean": {
            "value": 6.135560989379883,
            "min": -6.7727556228637695,
            "max": 10.57270336151123,
            "count": 416
        },
        "CarAgent.Policy.ExtrinsicValueEstimate.sum": {
            "value": 92.03341674804688,
            "min": -123.023193359375,
            "max": 179.7359619140625,
            "count": 416
        },
        "CarAgent.IsTraining.mean": {
            "value": 1.0,
            "min": 1.0,
            "max": 1.0,
            "count": 416
        },
        "CarAgent.IsTraining.sum": {
            "value": 1.0,
            "min": 1.0,
            "max": 1.0,
            "count": 416
        },
        "CarAgent.Losses.PolicyLoss.mean": {
            "value": 0.025441445274433743,
            "min": 0.012223847922480975,
            "max": 0.03464465414484342,
            "count": 415
        },
        "CarAgent.Losses.PolicyLoss.sum": {
            "value": 0.025441445274433743,
            "min": 0.012223847922480975,
            "max": 0.05545981885613097,
            "count": 415
        },
        "CarAgent.Losses.ValueLoss.mean": {
            "value": 1.378499060869217,
            "min": 0.2528908617342963,
            "max": 52.82252390244428,
            "count": 415
        },
        "CarAgent.Losses.ValueLoss.sum": {
            "value": 1.378499060869217,
            "min": 0.2528908617342963,
            "max": 52.82252390244428,
            "count": 415
        },
        "CarAgent.Policy.LearningRate.mean": {
            "value": 8.91819702759996e-07,
            "min": 8.91819702759996e-07,
            "max": 0.00029928000024,
            "count": 415
        },
        "CarAgent.Policy.LearningRate.sum": {
            "value": 8.91819702759996e-07,
            "min": 8.91819702759996e-07,
            "max": 0.0005848468250510599,
            "count": 415
        },
        "CarAgent.Policy.Epsilon.mean": {
            "value": 0.10029724000000004,
            "min": 0.10029724000000004,
            "max": 0.19976000000000002,
            "count": 415
        },
        "CarAgent.Policy.Epsilon.sum": {
            "value": 0.10029724000000004,
            "min": 0.10029724000000004,
            "max": 0.39494894,
            "count": 415
        },
        "CarAgent.Policy.Beta.mean": {
            "value": 1.2942675999999991e-05,
            "min": 1.2942675999999991e-05,
            "max": 0.0009976240000000001,
            "count": 415
        },
        "CarAgent.Policy.Beta.sum": {
            "value": 1.2942675999999991e-05,
            "min": 1.2942675999999991e-05,
            "max": 0.0019499945059999997,
            "count": 415
        },
        "CarAgent.Environment.EpisodeLength.mean": {
            "value": 2319.6666666666665,
            "min": 673.2,
            "max": 5587.0,
            "count": 413
        },
        "CarAgent.Environment.EpisodeLength.sum": {
            "value": 13918.0,
            "min": 1025.0,
            "max": 28674.0,
            "count": 413
        },
        "CarAgent.Environment.CumulativeReward.mean": {
            "value": 139.6881217956543,
            "min": -186.5516675313314,
            "max": 141.66621208190918,
            "count": 413
        },
        "CarAgent.Environment.CumulativeReward.sum": {
            "value": 698.4406089782715,
            "min": -2238.6200103759766,
            "max": 1240.5658111572266,
            "count": 413
        },
        "CarAgent.Policy.ExtrinsicReward.mean": {
            "value": 139.6881217956543,
            "min": -186.5516675313314,
            "max": 141.66621208190918,
            "count": 413
        },
        "CarAgent.Policy.ExtrinsicReward.sum": {
            "value": 698.4406089782715,
            "min": -2238.6200103759766,
            "max": 1240.5658111572266,
            "count": 413
        }
    },
    "metadata": {
        "timer_format_version": "0.1.0",
        "start_time_seconds": "1621363990",
        "python_version": "3.7.10 (default, Feb 26 2021, 13:06:18) [MSC v.1916 64 bit (AMD64)]",
        "command_line_arguments": "C:\\Users\\RTX\\.conda\\envs\\ML-Agents-13\\Scripts\\mlagents-learn CarAgent5M.yaml --run-id=MultitrackFinalEasy5M",
        "mlagents_version": "0.24.0",
        "mlagents_envs_version": "0.24.0",
        "communication_protocol_version": "1.4.0",
        "pytorch_version": "1.7.1+cu110",
        "numpy_version": "1.20.1",
        "end_time_seconds": "1621369512"
    },
    "total": 5521.8995691,
    "count": 1,
    "self": 0.013295699999616772,
    "children": {
        "run_training.setup": {
            "total": 0.0988637,
            "count": 1,
            "self": 0.0988637
        },
        "TrainerController.start_learning": {
            "total": 5521.7874097,
            "count": 1,
            "self": 10.236206299932746,
            "children": {
                "TrainerController._reset_env": {
                    "total": 19.2559362,
                    "count": 1,
                    "self": 19.2559362
                },
                "TrainerController.advance": {
                    "total": 5492.1331011000675,
                    "count": 417168,
                    "self": 5.528771400035112,
                    "children": {
                        "env_step": {
                            "total": 5486.604329700032,
                            "count": 417168,
                            "self": 3542.4246904000584,
                            "children": {
                                "SubprocessEnvManager._take_step": {
                                    "total": 1938.9935308000393,
                                    "count": 417168,
                                    "self": 24.281917900108738,
                                    "children": {
                                        "TorchPolicy.evaluate": {
                                            "total": 1914.7116128999305,
                                            "count": 417168,
                                            "self": 783.6582778000011,
                                            "children": {
                                                "TorchPolicy.sample_actions": {
                                                    "total": 1131.0533350999294,
                                                    "count": 417168,
                                                    "self": 1131.0533350999294
                                                }
                                            }
                                        }
                                    }
                                },
                                "workers": {
                                    "total": 5.186108499934942,
                                    "count": 417168,
                                    "self": 0.0,
                                    "children": {
                                        "worker_root": {
                                            "total": 5493.284127200196,
                                            "count": 417168,
                                            "is_parallel": true,
                                            "self": 2702.0031045002565,
                                            "children": {
                                                "steps_from_proto": {
                                                    "total": 0.0005707999999984281,
                                                    "count": 1,