{
    "name": "root",
    "gauges": {
        "CarAgent.Policy.Entropy.mean": {
            "value": 1.173622965812683,
            "min": 1.1733341217041016,
            "max": 2.112079620361328,
            "count": 416
        },
        "CarAgent.Policy.Entropy.sum": {
            "value": 14997.728515625,
            "min": 10064.4697265625,
            "max": 40473.18359375,
            "count": 416
        },
        "CarAgent.Policy.ExtrinsicValueEstimate.mean": {
            "value": 1.1996206045150757,
            "min": -15.089336395263672,
            "max": 10.182989120483398,
            "count": 416
        },
        "CarAgent.Policy.ExtrinsicValueEstimate.sum": {
            "value": 14.39544677734375,
            "min": -271.6080627441406,
            "max": 162.92782592773438,
            "count": 416
        },
        "CarAgent.IsTraining.mean": {
            "value": 1.0,
            "min": 1.0,
            "max": 1.0,
            "count": 416
        },
        "CarAgent.IsTraining.sum": {
            "value": 1.0,
            "min": 1.0,
            "max": 1.0,
            "count": 416
        },
        "CarAgent.Losses.PolicyLoss.mean": {
            "value": 0.02612395254606478,
            "min": 0.01506777092096551,
            "max": 0.03522279600147158,
            "count": 409
        },
        "CarAgent.Losses.PolicyLoss.sum": {
            "value": 0.02612395254606478,
            "min": 0.01506777092096551,
            "max": 0.05934592022288901,
            "count": 409
        },
        "CarAgent.Losses.ValueLoss.mean": {
            "value": 0.0750069157530864,
            "min": 0.04823752045631409,
            "max": 52.71818117509808,
            "count": 409
        },
        "CarAgent.Losses.ValueLoss.sum": {
            "value": 0.0750069157530864,
            "min": 0.04823752045631409,
            "max": 76.23015130360922,
            "count": 409
        },
        "CarAgent.Policy.LearningRate.mean": {
            "value": 8.429797190399906e-07,
            "min": 8.429797190399906e-07,
            "max": 0.0002992200002599999,
            "count": 409
        },
        "CarAgent.Policy.LearningRate.sum": {
            "value": 8.429797190399906e-07,
            "min": 8.429797190399906e-07,
            "max": 0.0005733875488708197,
            "count": 409
        },
        "CarAgent.Policy.Epsilon.mean": {
            "value": 0.10028096000000003,
            "min": 0.10028096000000003,
            "max": 0.19974000000000003,
            "count": 409
        },
        "CarAgent.Policy.Epsilon.sum": {
            "value": 0.10028096000000003,
            "min": 0.10028096000000003,
            "max": 0.39112918,
            "count": 409
        },
        "CarAgent.Policy.Beta.mean": {
            "value": 1.2781503999999965e-05,
            "min": 1.2781503999999965e-05,
            "max": 0.0009974260000000003,
            "count": 409
        },
        "CarAgent.Policy.Beta.sum": {
            "value": 1.2781503999999965e-05,
            "min": 1.2781503999999965e-05,
            "max": 0.0019121788819999996,
            "count": 409
        },
        "CarAgent.Environment.EpisodeLength.mean": {
            "value": 7401.0,
            "min": 531.5,
            "max": 12332.0,
            "count": 349
        },
        "CarAgent.Environment.EpisodeLength.sum": {
            "value": 14802.0,
            "min": 542.0,
            "max": 51635.0,
            "count": 349
        },
        "CarAgent.Environment.CumulativeReward.mean": {
            "value": 106.92861247062683,
            "min": -187.5484595665565,
            "max": 139.53073596954346,
            "count": 351
        },
        "CarAgent.Environment.CumulativeReward.sum": {
            "value": 213.85722494125366,
            "min": -2438.1299743652344,
            "max": 786.8193697929382,
            "count": 351
        },
        "CarAgent.Policy.ExtrinsicReward.mean": {
            "value": 106.92861247062683,
            "min": -187.5484595665565,
            "max": 139.53073596954346,
            "count": 351
        },
        "CarAgent.Policy.ExtrinsicReward.sum": {
            "value": 213.85722494125366,
            "min": -2438.1299743652344,
            "max": 786.8193697929382,
            "count": 351
        }
    },
    "metadata": {
        "timer_format_version": "0.1.0",
        "start_time_seconds": "1621401429",
        "python_version": "3.7.10 (default, Feb 26 2021, 13:06:18) [MSC v.1916 64 bit (AMD64)]",
        "command_line_arguments": "C:\\Users\\RTX\\.conda\\envs\\ML-Agents-13\\Scripts\\mlagents-learn CarAgent5M.yaml --run-id=ProEasy5M",
        "mlagents_version": "0.24.0",
        "mlagents_envs_version": "0.24.0",
        "communication_protocol_version": "1.4.0",
        "pytorch_version": "1.7.1+cu110",
        "numpy_version": "1.20.1",
        "end_time_seconds": "1621405927"
    },
    "total": 4498.1150842,
    "count": 1,
    "self": 0.011606099999880826,
    "children": {
        "run_training.setup": {
            "total": 0.26052089999999994,
            "count": 1,
            "self": 0.26052089999999994
        },
        "TrainerController.start_learning": {
            "total": 4497.8429572,
            "count": 1,
            "self": 8.468783499773963,
            "children": {
                "TrainerController._reset_env": {
                    "total": 15.9263395,
                    "count": 1,
                    "self": 15.9263395
                },
                "TrainerController.advance": {
                    "total": 4473.349718100226,
                    "count": 385158,
                    "self": 4.6806317003429285,
                    "children": {
                        "env_step": {
                            "total": 4468.669086399883,
                            "count": 385158,
                            "self": 2761.620286199848,
                            "children": {
                                "SubprocessEnvManager._take_step": {
                                    "total": 1702.5455733999493,
                                    "count": 385158,
                                    "self": 20.90972169988345,
                                    "children": {
                                        "TorchPolicy.evaluate": {
                                            "total": 1681.6358517000658,
                                            "count": 385158,
                                            "self": 657.7266155998548,
                                            "children": {
                                                "TorchPolicy.sample_actions": {
                                                    "total": 1023.909236100211,
                                                    "count": 385158,
                                                    "self": 1023.909236100211
                                                }
                                            }
                                        }
                                    }
                                },
                                "workers": {
                                    "total": 4.50322680008518,
                                    "count": 385158,
                                    "self": 0.0,
                                    "children": {
                                        "worker_root": {
                                            "total": 4475.427277100158,
                                            "count": 385158,
                                            "is_parallel": true,
                                            "self": 2194.9361180999695,
                                            "children": {
                                                "steps_from_proto": {
                                                    "total": 0.0014447999999998018,
                                                    "count": 1,