{
    "name": "root",
    "metadata": {
        "timer_format_version": "0.1.0",
        "start_time_seconds": "1620786132",
        "python_version": "3.7.10 (default, Feb 26 2021, 13:06:18) [MSC v.1916 64 bit (AMD64)]",
        "command_line_arguments": "C:\\Users\\RTX\\.conda\\envs\\ML-Agents-13\\Scripts\\mlagents-learn CarAgentSAC.yaml --run-id=SAC_1",
        "mlagents_version": "0.24.0",
        "mlagents_envs_version": "0.24.0",
        "communication_protocol_version": "1.4.0",
        "pytorch_version": "1.7.1+cu110",
        "numpy_version": "1.20.1",
        "end_time_seconds": "1620786153"
    },
    "total": 20.601791199999997,
    "count": 1,
    "self": 0.004201499999997083,
    "children": {
        "run_training.setup": {
            "total": 0.10348570000000001,
            "count": 1,
            "self": 0.10348570000000001
        },
        "TrainerController.start_learning": {
            "total": 20.494104,
            "count": 1,
            "self": 1.0163080000000093,
            "children": {
                "TrainerController._reset_env": {
                    "total": 7.3817091999999995,
                    "count": 1,
                    "self": 7.3817091999999995
                },
                "TrainerController.advance": {
                    "total": 11.947021799999991,
                    "count": 417,
                    "self": 0.005773999999997059,
                    "children": {
                        "env_step": {
                            "total": 11.941247799999994,
                            "count": 417,
                            "self": 8.953692700000047,
                            "children": {
                                "SubprocessEnvManager._take_step": {
                                    "total": 2.9827991999999686,
                                    "count": 417,
                                    "self": 0.02645289999995981,
                                    "children": {
                                        "TorchPolicy.evaluate": {
                                            "total": 2.9563463000000088,
                                            "count": 417,
                                            "self": 0.9530203999999856,
                                            "children": {
                                                "TorchPolicy.sample_actions": {
                                                    "total": 2.003325900000023,
                                                    "count": 417,
                                                    "self": 2.003325900000023
                                                }
                                            }
                                        }
                                    }
                                },
                                "workers": {
                                    "total": 0.004755899999977942,
                                    "count": 416,
                                    "self": 0.0,
                                    "children": {
                                        "worker_root": {
                                            "total": 13.030305199999983,
                                            "count": 416,
                                            "is_parallel": true,
                                            "self": 8.211174599999978,
                                            "children": {
                                                "steps_from_proto": {
                                                    "total": 0.000576800000000155,
                                                    "count": 1,
                                                    "is_parallel": true,
                                                    "self": 0.00018690000000010087,
                                                    "children": {
                                                        "_process_vector_observation": {
                                                            "total": 0.0003899000000000541,
                                                            "count": 6,
                                                            "is_parallel": true,
                                                            "self": 0.0003899000000000541
                                                        }
                                                    }
                                                },
                                                "UnityEnvironment.step": {
                                                    "total": 4.818553800000005,
                                                    "count": 416,
                                                    "is_parallel": true,
                                                    "self": 0.06661479999996267,
                                                    "children": {
                                                        "UnityEnvironment._generate_step_input": {
                                                            "total": 0.07359240000000078,
                                                            "count": 416,
                                                            "is_parallel": true,
                                                            "self": 0.07359240000000078
                                                        },
                                                        "communicator.exchange": {
                                                            "total": 4.444120100000028,
                                                            "count": 416,
                                                            "is_parallel": true,
                                                            "self": 4.444120100000028
                                                        },
                                                        "steps_from_proto": {
                                                            "total": 0.23422650000001433,
                                                            "count": 416,
                                                            "is_parallel": true,
                                                            "self": 0.0818505000001295,
                                                            "children": {
                                                                "_process_vector_observation": {
                                                                    "total": 0.15237599999988483,
                                                                    "count": 2496,
                                                                    "is_parallel": true,
                                                                    "self": 0.15237599999988483
                                                                }
                                                            }
                                                        }
                                                    }
                                                }
                                            }
                                        }
                                    }
                                }
                            }
                        }
                    }
                },
                "trainer_threads": {
                    "total": 3.470000000049822e-05,
                    "count": 1,
                    "self": 3.470000000049822e-05,
                    "children": {
                        "thread_root": {
                            "total": 0.0,
                            "count": 0,
                            "is_parallel": true,
                            "self": 0.0,
                            "children": {
                                "trainer_advance": {
                                    "total": 11.447126299999999,