{
    "name": "root",
    "gauges": {
        "CarAgent.Policy.Entropy.mean": {
            "value": 1.2576186656951904,
            "min": -0.15398699045181274,
            "max": 1.4873020648956299,
            "count": 4166
        },
        "CarAgent.Policy.Entropy.sum": {
            "value": 15725.263671875,
            "min": -2010.6201171875,
            "max": 21578.796875,
            "count": 4166
        },
        "CarAgent.Policy.ExtrinsicValueEstimate.mean": {
            "value": -1.833056092262268,
            "min": -22.565418243408203,
            "max": 19.979965209960938,
            "count": 4166
        },
        "CarAgent.Policy.ExtrinsicValueEstimate.sum": {
            "value": -25.662784576416016,
            "min": -338.48126220703125,
            "max": 339.659423828125,
            "count": 4166
        },
        "CarAgent.Environment.EpisodeLength.mean": {
            "value": 1838.25,
            "min": 551.9047619047619,
            "max": 4642.0,
            "count": 4165
        },
        "CarAgent.Environment.EpisodeLength.sum": {
            "value": 14706.0,
            "min": 2984.0,
            "max": 27852.0,
            "count": 4165
        },
        "CarAgent.Environment.CumulativeReward.mean": {
            "value": -24.19123677412669,
            "min": -128.84979073206583,
            "max": 141.06805114746095,
            "count": 4165
        },
        "CarAgent.Environment.CumulativeReward.sum": {
            "value": -145.14742064476013,
            "min": -1157.7513597011566,
            "max": 1103.8546600341797,
            "count": 4165
        },
        "CarAgent.Policy.ExtrinsicReward.mean": {
            "value": -24.19123677412669,
            "min": -128.84979073206583,
            "max": 141.06805114746095,
            "count": 4165
        },
        "CarAgent.Policy.ExtrinsicReward.sum": {
            "value": -145.14742064476013,
            "min": -1157.7513597011566,
            "max": 1103.8546600341797,
            "count": 4165
        },
        "CarAgent.IsTraining.mean": {
            "value": 1.0,
            "min": 1.0,
            "max": 1.0,
            "count": 4166
        },
        "CarAgent.IsTraining.sum": {
            "value": 1.0,
            "min": 1.0,
            "max": 1.0,
            "count": 4166
        },
        "CarAgent.Losses.PolicyLoss.mean": {
            "value": 0.07268749266047962,
            "min": 0.04788056801662368,
            "max": 1.0592147418904463,
            "count": 4010
        },
        "CarAgent.Losses.PolicyLoss.sum": {
            "value": 0.07268749266047962,
            "min": 0.04788056801662368,
            "max": 1.0592147418904463,
            "count": 4010
        },
        "CarAgent.Losses.ValueLoss.mean": {
            "value": 32.15443222860495,
            "min": 0.08258566691302786,
            "max": 63.27339211470223,
            "count": 4010
        },
        "CarAgent.Losses.ValueLoss.sum": {
            "value": 32.15443222860495,
            "min": 0.08258566691302786,
            "max": 63.27339211470223,
            "count": 4010
        },
        "CarAgent.Policy.LearningRate.mean": {
            "value": 5.870198046599649e-08,
            "min": 5.870198046599649e-08,
            "max": 0.00029992536602487787,
            "count": 4010
        },
        "CarAgent.Policy.LearningRate.sum": {
            "value": 5.870198046599649e-08,
            "min": 5.870198046599649e-08,
            "max": 0.00029992536602487787,
            "count": 4010
        },
        "CarAgent.Policy.Epsilon.mean": {
            "value": 0.10001953399999998,
            "min": 0.10001953399999998,
            "max": 0.19997512200000006,
            "count": 4010
        },
        "CarAgent.Policy.Epsilon.sum": {
            "value": 0.10001953399999998,
            "min": 0.10001953399999998,
            "max": 0.19997512200000006,
            "count": 4010
        },
        "CarAgent.Policy.Beta.mean": {
            "value": 1.0193386599999993e-05,
            "min": 1.0193386599999993e-05,
            "max": 0.0009997537078000002,
            "count": 4010
        },
        "CarAgent.Policy.Beta.sum": {
            "value": 1.0193386599999993e-05,
            "min": 1.0193386599999993e-05,
            "max": 0.0009997537078000002,
            "count": 4010
        }
    },
    "metadata": {
        "timer_format_version": "0.1.0",
        "start_time_seconds": "1618409293",
        "python_version": "3.7.10 (default, Feb 26 2021, 13:06:18) [MSC v.1916 64 bit (AMD64)]",
        "command_line_arguments": "C:\\Users\\RTX\\.conda\\envs\\ML-Agents-13\\Scripts\\mlagents-learn CarAgent.yaml --run-id=UnifitedRewards",
        "mlagents_version": "0.24.0",
        "mlagents_envs_version": "0.24.0",
        "communication_protocol_version": "1.4.0",
        "pytorch_version": "1.7.1+cu110",
        "numpy_version": "1.20.1",
        "end_time_seconds": "1618470761"
    },
    "total": 61467.7757986,
    "count": 1,
    "self": 0.028786599992599804,
    "children": {
        "run_training.setup": {
            "total": 0.2878406,
            "count": 1,
            "self": 0.2878406
        },
        "TrainerController.start_learning": {
            "total": 61467.459171400005,
            "count": 1,
            "self": 173.0140977111878,
            "children": {
                "TrainerController._reset_env": {
                    "total": 7.8727366,
                    "count": 1,
                    "self": 7.8727366
                },
                "TrainerController.advance": {
                    "total": 61286.49621138882,
                    "count": 8333706,
                    "self": 92.9590760839128,
                    "children": {
                        "env_step": {
                            "total": 61193.537135304905,
                            "count": 8333706,
                            "self": 39330.02358900859,
                            "children": {
                                "SubprocessEnvManager._take_step": {
                                    "total": 21778.177631204853,
                                    "count": 8333706,
                                    "self": 452.96920480207336,
                                    "children": {
                                        "TorchPolicy.evaluate": {
                                            "total": 21325.20842640278,
                                            "count": 8333706,
                                            "self": 9978.010230510085,
                                            "children": {
                                                "TorchPolicy.sample_actions": {
                                                    "total": 11347.198195892695,
                                                    "count": 8333706,
                                                    "self": 11347.198195892695
                                                }
                                            }
                                        }
                                    }
                                },
                                "workers": {
                                    "total": 85.33591509146646,
                                    "count": 8333706,
                                    "self": 0.0,
                                    "children": {
                                        "worker_root": {
                                            "total": 61289.92604768618,
                                            "count": 8333706,
                                            "is_parallel": true,
                                            "self": 30289.93949839036,
                                            "children": {
                                                "steps_from_proto": {
                                                    "total": 0.0037218000000001084,