{
    "name": "root",
    "gauges": {
        "CarAgent.Policy.Entropy.mean": {
            "value": 1.4239407777786255,
            "min": 1.4189382791519165,
            "max": 1.424660325050354,
            "count": 5
        },
        "CarAgent.Policy.Entropy.sum": {
            "value": 16044.96484375,
            "min": 14613.6435546875,
            "max": 21616.10546875,
            "count": 5
        },
        "CarAgent.Policy.ExtrinsicValueEstimate.mean": {
            "value": -0.5741372108459473,
            "min": -0.6196404695510864,
            "max": -0.08140941709280014,
            "count": 5
        },
        "CarAgent.Policy.ExtrinsicValueEstimate.sum": {
            "value": -8.037920951843262,
            "min": -11.773168563842773,
            "max": -1.1397318840026855,
            "count": 5
        },
        "CarAgent.Environment.EpisodeLength.mean": {
            "value": 1581.25,
            "min": 1378.0,
            "max": 1614.1666666666667,
            "count": 5
        },
        "CarAgent.Environment.EpisodeLength.sum": {
            "value": 12650.0,
            "min": 9070.0,
            "max": 15158.0,
            "count": 5
        },
        "CarAgent.Environment.CumulativeReward.mean": {
            "value": -12.903749227523804,
            "min": -14.53163550116799,
            "max": -11.249714851379395,
            "count": 5
        },
        "CarAgent.Environment.CumulativeReward.sum": {
            "value": -103.22999382019043,
            "min": -159.8479905128479,
            "max": -74.59499216079712,
            "count": 5
        },
        "CarAgent.Policy.ExtrinsicReward.mean": {
            "value": -12.903749227523804,
            "min": -14.53163550116799,
            "max": -11.249714851379395,
            "count": 5
        },
        "CarAgent.Policy.ExtrinsicReward.sum": {
            "value": -103.22999382019043,
            "min": -159.8479905128479,
            "max": -74.59499216079712,
            "count": 5
        },
        "CarAgent.IsTraining.mean": {
            "value": 1.0,
            "min": 1.0,
            "max": 1.0,
            "count": 5
        },
        "CarAgent.IsTraining.sum": {
            "value": 1.0,
            "min": 1.0,
            "max": 1.0,
            "count": 5
        },
        "CarAgent.Losses.PolicyLoss.mean": {
            "value": 0.07202973936186431,
            "min": 0.07202973936186431,
            "max": 0.07903052432494846,
            "count": 4
        },
        "CarAgent.Losses.PolicyLoss.sum": {
            "value": 0.07202973936186431,
            "min": 0.07202973936186431,
            "max": 0.07903052432494846,
            "count": 4
        },
        "CarAgent.Losses.ValueLoss.mean": {
            "value": 0.392610732525114,
            "min": 0.392610732525114,
            "max": 1.0131270834058523,
            "count": 4
        },
        "CarAgent.Losses.ValueLoss.sum": {
            "value": 0.392610732525114,
            "min": 0.392610732525114,
            "max": 1.0131270834058523,
            "count": 4
        },
        "CarAgent.Policy.LearningRate.mean": {
            "value": 0.0002999702154099282,
            "min": 0.0002999702154099282,
            "max": 0.0002999927544024152,
            "count": 4
        },
        "CarAgent.Policy.LearningRate.sum": {
            "value": 0.0002999702154099282,
            "min": 0.0002999702154099282,
            "max": 0.0002999927544024152,
            "count": 4
        },
        "CarAgent.Policy.Epsilon.mean": {
            "value": 0.19999007180000003,
            "min": 0.19999007180000003,
            "max": 0.19999758479999996,
            "count": 4
        },
        "CarAgent.Policy.Epsilon.sum": {
            "value": 0.19999007180000003,
            "min": 0.19999007180000003,
            "max": 0.19999758479999996,
            "count": 4
        },
        "CarAgent.Policy.Beta.mean": {
            "value": 0.0009999017108199997,
            "min": 0.0009999017108199997,
            "max": 0.0009999760895200002,
            "count": 4
        },
        "CarAgent.Policy.Beta.sum": {
            "value": 0.0009999017108199997,
            "min": 0.0009999017108199997,
            "max": 0.0009999760895200002,
            "count": 4
        }
    },
    "metadata": {
        "timer_format_version": "0.1.0",
        "start_time_seconds": "1617560614",
        "python_version": "3.7.10 (default, Feb 26 2021, 13:06:18) [MSC v.1916 64 bit (AMD64)]",
        "command_line_arguments": "C:\\Users\\RTX\\.conda\\envs\\ML-Agents-13\\Scripts\\mlagents-learn CarAgent.yaml --run-id=HardTrack1",
        "mlagents_version": "0.24.0",
        "mlagents_envs_version": "0.24.0",
        "communication_protocol_version": "1.4.0",
        "pytorch_version": "1.7.1+cu110",
        "numpy_version": "1.20.1",
        "end_time_seconds": "1617560689"
    },
    "total": 75.0932634,
    "count": 1,
    "self": 0.018648699999999963,
    "children": {
        "run_training.setup": {
            "total": 0.30538730000000003,
            "count": 1,
            "self": 0.30538730000000003
        },
        "TrainerController.start_learning": {
            "total": 74.76922739999999,
            "count": 1,
            "self": 1.2360205000003646,
            "children": {
                "TrainerController._reset_env": {
                    "total": 4.0663517,
                    "count": 1,
                    "self": 4.0663517
                },
                "TrainerController.advance": {
                    "total": 69.37015199999962,
                    "count": 10967,
                    "self": 0.11964219999941861,
                    "children": {
                        "env_step": {
                            "total": 69.2505098000002,
                            "count": 10967,
                            "self": 45.77362380000059,
                            "children": {
                                "SubprocessEnvManager._take_step": {
                                    "total": 23.366238699999457,
                                    "count": 10967,
                                    "self": 0.5309983999995715,
                                    "children": {
                                        "TorchPolicy.evaluate": {
                                            "total": 22.835240299999885,
                                            "count": 10967,
                                            "self": 8.465297199999782,
                                            "children": {
                                                "TorchPolicy.sample_actions": {
                                                    "total": 14.369943100000103,
                                                    "count": 10967,
                                                    "self": 14.369943100000103
                                                }
                                            }
                                        }
                                    }
                                },
                                "workers": {
                                    "total": 0.11064730000015466,
                                    "count": 10966,
                                    "self": 0.0,
                                    "children": {
                                        "worker_root": {
                                            "total": 70.44580789999985,
                                            "count": 10966,
                                            "is_parallel": true,
                                            "self": 34.506603700000184,
                                            "children": {
                                                "steps_from_proto": {
                                                    "total": 0.00039819999999979316,
                                                    "count": 1,