{"count":1,"self":13.685620799999999,"total":62.502341799999996,"children":{"InitializeActuators":{"count":1,"self":0.0019947999999999997,"total":0.0019947999999999997,"children":null},"InitializeSensors":{"count":1,"self":0.001994,"total":0.001994,"children":null},"AgentSendState":{"count":19561,"self":0.25828999999999996,"total":0.48725019999999997,"children":{"CollectObservations":{"count":19561,"self":0.085423199999999991,"total":0.085423199999999991,"children":null},"WriteActionMask":{"count":19561,"self":0.055815399999999994,"total":0.055815399999999994,"children":null},"RequestDecision":{"count":19561,"self":0.0877216,"total":0.0877216,"children":null}}},"DecideAction":{"count":19561,"self":43.2206784,"total":48.070769399999996,"children":{"RayPerceptionSensor.Perceive":{"count":39122,"self":4.850092,"total":4.8500919,"children":null}}},"AgentAct":{"count":19561,"self":0.254712,"total":0.254712,"children":null}},"gauges":{"CarAgent.CumulativeReward":{"count":9,"max":140.9577,"min":136.058563,"runningAverage":139.356522,"value":139.5351,"weightedAverage":139.346619}},"metadata":{"timer_format_version":"0.1.0","start_time_seconds":"1621567538","unity_version":"2019.4.22f1","command_line_arguments":"C:\\Program Files\\Unity\\Hub\\Editor\\2019.4.22f1\\Editor\\Unity.exe -projectpath D:\/GradCarURP\/GradutionProject -useHub -hubIPC -cloudEnvironment production -hubSessionId bb633290-b74c-11eb-becd-d36e40e73843 -accessToken doiO9gAdsyqi5kd6wQujShsd49tlHFxlUj91CnHnOD0011f","communication_protocol_version":"1.4.0","com.unity.ml-agents_version":"1.8.0-preview","scene_name":"MultitracksEasy","end_time_seconds":"1621567601"}}