{"count":1,"self":1883.8153215999998,"total":8888.2788059,"children":{"InitializeActuators":{"count":12,"self":0.0009973,"total":0.0009973,"children":null},"InitializeSensors":{"count":12,"self":0.0019944,"total":0.0019944,"children":null},"AgentSendState":{"count":833884,"self":91.68486399999999,"total":1598.2904935,"children":{"CollectObservations":{"count":10006608,"self":45.0495008,"total":45.0495022,"children":null},"WriteActionMask":{"count":10006608,"self":24.9712544,"total":24.971255,"children":null},"RequestDecision":{"count":10006608,"self":67.9690368,"total":1436.5848746,"children":{"AgentInfo.ToProto":{"count":10006608,"self":57.7136832,"total":1368.6158355999999,"children":{"GenerateSensorData":{"count":10006608,"self":199.6800384,"total":1310.902155,"children":{"RayPerceptionSensor.Perceive":{"count":20013216,"self":1111.2220671999999,"total":1111.2221158,"children":null}}}}}}}}},"DecideAction":{"count":833884,"self":5341.609984,"total":5341.6098403999995,"children":null},"AgentAct":{"count":833884,"self":63.899136,"total":63.899135699999995,"children":null},"AgentInfo.ToProto":{"count":3886,"self":0.040852099999999995,"total":0.6599988,"children":{"GenerateSensorData":{"count":3886,"self":0.0970602,"total":0.61914669999999994,"children":{"RayPerceptionSensor.Perceive":{"count":7772,"self":0.5220865,"total":0.5220865,"children":null}}}}}},"gauges":{"CarAgent.CumulativeReward":{"count":3886,"max":141.87088,"min":-303.8248,"runningAverage":72.2077,"value":139.168213,"weightedAverage":139.145187}},"metadata":{"timer_format_version":"0.1.0","start_time_seconds":"1621301737","unity_version":"2019.4.22f1","command_line_arguments":"C:\\Program Files\\Unity\\Hub\\Editor\\2019.4.22f1\\Editor\\Unity.exe -projectpath D:\/GradCarURP\/GradutionProject -useHub -hubIPC -cloudEnvironment production -hubSessionId bb633290-b74c-11eb-becd-d36e40e73843 -accessToken doiO9gAdsyqi5kd6wQujShsd49tlHFxlUj91CnHnOD0011f","communication_protocol_version":"1.4.0","com.unity.ml-agents_version":"1.8.0-preview","scene_name":"Multitracks","end_time_seconds":"1621310625"}}