{"count":1,"self":9450.109337599999,"total":59400.513541399996,"children":{"InitializeActuators":{"count":6,"self":0.0009975,"total":0.0009975,"children":null},"InitializeSensors":{"count":6,"self":0.003003,"total":0.003003,"children":null},"AgentSendState":{"count":7150584,"self":416.2224384,"total":6587.6671501,"children":{"CollectObservations":{"count":42903504,"self":185.3901184,"total":185.3901243,"children":null},"WriteActionMask":{"count":42903504,"self":107.075232,"total":107.07522949999999,"children":null},"RequestDecision":{"count":42903504,"self":302.729856,"total":5878.9793452999993,"children":{"AgentInfo.ToProto":{"count":42903504,"self":250.8146688,"total":5576.2494986,"children":{"GenerateSensorData":{"count":42903504,"self":876.22707199999991,"total":5325.4348347,"children":{"RayPerceptionSensor.Perceive":{"count":85807008,"self":4449.2079103999995,"total":4449.2077143999995,"children":null}}}}}}}}},"DecideAction":{"count":7150584,"self":43082.412851199995,"total":43082.4114892,"children":null},"AgentAct":{"count":7150584,"self":275.6324352,"total":275.63244249999997,"children":null},"AgentInfo.ToProto":{"count":29902,"self":0.3271948,"total":4.6872631999999994,"children":{"GenerateSensorData":{"count":29902,"self":0.7867061,"total":4.3600683999999994,"children":{"RayPerceptionSensor.Perceive":{"count":59804,"self":3.5733623999999997,"total":3.5733623,"children":null}}}}}},"gauges":{"CarAgent.CumulativeReward":{"count":29902,"max":141.608276,"min":-1404.46045,"runningAverage":45.538784,"value":136.1495,"weightedAverage":137.876221}},"metadata":{"timer_format_version":"0.1.0","start_time_seconds":"1619039812","unity_version":"2019.4.22f1","command_line_arguments":"C:\\Program Files\\Unity\\Hub\\Editor\\2019.4.22f1\\Editor\\Unity.exe -projectpath D:\/GradCarURP\/GradutionProject -useHub -hubIPC -cloudEnvironment production -hubSessionId 26813a80-a2d1-11eb-8bc4-1f37c9da8543 -accessToken Fh1VKW0n-y1enDImKiTIEIp4ei5bmn_NvdruNzPyxdo011f","communication_protocol_version":"1.4.0","com.unity.ml-agents_version":"1.8.0-preview","scene_name":"Multitracks","end_time_seconds":"1619099213"}}