{"count":1,"self":1480.1900544,"total":15515.1922571,"children":{"InitializeActuators":{"count":1,"self":0.0019951,"total":0.0019951,"children":null},"InitializeSensors":{"count":1,"self":0.000997,"total":0.000997,"children":null},"AgentSendState":{"count":5657515,"self":76.051123199999992,"total":140.9394395,"children":{"CollectObservations":{"count":5657515,"self":24.5605536,"total":24.5605534,"children":null},"WriteActionMask":{"count":5657515,"self":15.842191999999999,"total":15.842191199999998,"children":null},"RequestDecision":{"count":5657515,"self":24.485569599999998,"total":24.4855695,"children":null}}},"DecideAction":{"count":5657515,"self":12683.374592,"total":13837.2053812,"children":{"RayPerceptionSensor.Perceive":{"count":11315030,"self":1153.8307072,"total":1153.8306876,"children":null}}},"AgentAct":{"count":5657515,"self":56.8533696,"total":56.853366799999996,"children":null}},"gauges":{"CarAgent.CumulativeReward":{"count":1737,"max":141.504745,"min":-137.902023,"runningAverage":129.289124,"value":139.836334,"weightedAverage":139.411087}},"metadata":{"timer_format_version":"0.1.0","start_time_seconds":"1635261135","unity_version":"2019.4.22f1","command_line_arguments":"C:\\Program Files\\Unity\\Hub\\Editor\\2019.4.22f1\\Editor\\Unity.exe -projectpath D:\/GradCarURP\/GradutionProject -useHub -hubIPC -cloudEnvironment production -hubSessionId 41a86bc0-366b-11ec-bc41-19126ec835d5 -accessToken gJZ-Gwblp3mMfRJn3vs_JkoMcksF5rr5iic_3_PIJak011f","communication_protocol_version":"1.4.0","com.unity.ml-agents_version":"1.8.0-preview","scene_name":"Procedural","end_time_seconds":"1635276650"}}