{"count":1,"self":1281.1966464,"total":9061.8861717999989,"children":{"InitializeActuators":{"count":13,"self":0.00099739999999999985,"total":0.00099739999999999985,"children":null},"InitializeSensors":{"count":13,"self":0.0019951,"total":0.0019951,"children":null},"AgentSendState":{"count":769634,"self":92.6444544,"total":1612.4159637,"children":{"CollectObservations":{"count":10005242,"self":47.425257599999995,"total":47.425257699999996,"children":null},"WriteActionMask":{"count":10005242,"self":24.940358399999997,"total":24.940357799999997,"children":null},"RequestDecision":{"count":10005242,"self":70.4148672,"total":1447.4058917,"children":{"AgentInfo.ToProto":{"count":10005242,"self":57.9928576,"total":1376.991022,"children":{"GenerateSensorData":{"count":10005242,"self":200.8686976,"total":1318.9981636,"children":{"RayPerceptionSensor.Perceive":{"count":20010484,"self":1118.1294592,"total":1118.1294606,"children":null}}}}}}}}},"DecideAction":{"count":769634,"self":6101.8701824,"total":6101.8700260999994,"children":null},"AgentAct":{"count":769634,"self":66.0887232,"total":66.0887259,"children":null},"AgentInfo.ToProto":{"count":1901,"self":0.020923399999999998,"total":0.3108606,"children":{"GenerateSensorData":{"count":1901,"self":0.056845,"total":0.2899372,"children":{"RayPerceptionSensor.Perceive":{"count":3802,"self":0.2330922,"total":0.2330922,"children":null}}}}}},"gauges":{"CarAgent.CumulativeReward":{"count":1901,"max":141.10054,"min":-219.536,"runningAverage":58.78911,"value":139.672348,"weightedAverage":81.28557}},"metadata":{"timer_format_version":"0.1.0","start_time_seconds":"1621407990","unity_version":"2019.4.22f1","command_line_arguments":"C:\\Program Files\\Unity\\Hub\\Editor\\2019.4.22f1\\Editor\\Unity.exe -projectpath D:\/GradCarURP\/GradutionProject -useHub -hubIPC -cloudEnvironment production -hubSessionId bb633290-b74c-11eb-becd-d36e40e73843 -accessToken doiO9gAdsyqi5kd6wQujShsd49tlHFxlUj91CnHnOD0011f","communication_protocol_version":"1.4.0","com.unity.ml-agents_version":"1.8.0-preview","scene_name":"ProceduralEasy","end_time_seconds":"1621417052"}}