{"count":1,"self":1093.8843136,"total":5967.3050318999994,"children":{"InitializeActuators":{"count":9,"self":0.0019946,"total":0.0019946,"children":null},"InitializeSensors":{"count":9,"self":0.0019949,"total":0.0019949,"children":null},"AgentSendState":{"count":556167,"self":49.446313599999996,"total":817.5751485,"children":{"CollectObservations":{"count":5005503,"self":24.203228799999998,"total":24.2032293,"children":null},"WriteActionMask":{"count":5005503,"self":13.160888799999999,"total":13.160888499999999,"children":null},"RequestDecision":{"count":5005503,"self":36.514944,"total":730.7647171,"children":{"AgentInfo.ToProto":{"count":5005503,"self":29.9668928,"total":694.24977389999992,"children":{"GenerateSensorData":{"count":5005503,"self":104.1131712,"total":664.28288049999992,"children":{"RayPerceptionSensor.Perceive":{"count":10011006,"self":560.169728,"total":560.1697073,"children":null}}}}}}}}},"DecideAction":{"count":556167,"self":4015.550464,"total":4015.5504004,"children":null},"AgentAct":{"count":556167,"self":40.04096,"total":40.0409589,"children":null},"AgentInfo.ToProto":{"count":1709,"self":0.0209285,"total":0.24923769999999998,"children":{"GenerateSensorData":{"count":1709,"self":0.0538248,"total":0.2283092,"children":{"RayPerceptionSensor.Perceive":{"count":3418,"self":0.17448439999999998,"total":0.17448439999999998,"children":null}}}}}},"gauges":{"CarAgent.CumulativeReward":{"count":1709,"max":141.62056,"min":-297.612335,"runningAverage":9.655759,"value":12.2908316,"weightedAverage":42.5840225}},"metadata":{"timer_format_version":"0.1.0","start_time_seconds":"1621324580","unity_version":"2019.4.22f1","command_line_arguments":"C:\\Program Files\\Unity\\Hub\\Editor\\2019.4.22f1\\Editor\\Unity.exe -projectpath D:\/GradCarURP\/GradutionProject -useHub -hubIPC -cloudEnvironment production -hubSessionId bb633290-b74c-11eb-becd-d36e40e73843 -accessToken doiO9gAdsyqi5kd6wQujShsd49tlHFxlUj91CnHnOD0011f","communication_protocol_version":"1.4.0","com.unity.ml-agents_version":"1.8.0-preview","scene_name":"Procedural","end_time_seconds":"1621330547"}}