{"count":1,"self":112.8487808,"total":143.96960579999998,"children":{"InitializeActuators":{"count":1,"self":0.0019947999999999997,"total":0.0019947999999999997,"children":null},"InitializeSensors":{"count":1,"self":0.0009975,"total":0.0009975,"children":null},"AgentSendState":{"count":6953,"self":0.1284958,"total":0.26666239999999997,"children":{"CollectObservations":{"count":6953,"self":0.059461999999999994,"total":0.059461999999999994,"children":null},"WriteActionMask":{"count":6953,"self":0.027837999999999998,"total":0.027837999999999998,"children":null},"RequestDecision":{"count":6953,"self":0.0508666,"total":0.0508666,"children":null}}},"DecideAction":{"count":6953,"self":28.1903744,"total":30.723546799999998,"children":{"RayPerceptionSensor.Perceive":{"count":13906,"self":2.5331737999999997,"total":2.5331737999999997,"children":null}}},"AgentAct":{"count":6953,"self":0.1266217,"total":0.1266217,"children":null}},"gauges":{"CarAgent.CumulativeReward":{"count":1,"max":134.740753,"min":134.740753,"runningAverage":134.740753,"value":134.740753,"weightedAverage":134.740753}},"metadata":{"timer_format_version":"0.1.0","start_time_seconds":"1620587382","unity_version":"2019.4.22f1","command_line_arguments":"C:\\Program Files\\Unity\\Hub\\Editor\\2019.4.22f1\\Editor\\Unity.exe -projectpath D:\/GradCarURP\/GradutionProject -useHub -hubIPC -cloudEnvironment production -hubSessionId ac853b50-b0f9-11eb-8f91-bbab3500c78f -accessToken WytLCuRmFNuI1r9SdqrM0Uiy7rL195oKBoEVmDs7uYU011f","communication_protocol_version":"1.4.0","com.unity.ml-agents_version":"1.8.0-preview","scene_name":"Procedural","end_time_seconds":"1620587526"}}