{"count":1,"self":488.14919679999997,"total":522.9138877,"children":{"InitializeActuators":{"count":1,"self":0.0019944999999999997,"total":0.0019944999999999997,"children":null},"InitializeSensors":{"count":1,"self":0.0009972,"total":0.0009972,"children":null},"AgentSendState":{"count":25906,"self":0.54369329999999993,"total":0.9909578,"children":{"CollectObservations":{"count":25906,"self":0.1809828,"total":0.1809828,"children":null},"WriteActionMask":{"count":25906,"self":0.1067072,"total":0.1067072,"children":null},"RequestDecision":{"count":25906,"self":0.15957449999999998,"total":0.15957449999999998,"children":null}}},"DecideAction":{"count":25906,"self":30.0216608,"total":33.3137903,"children":{"RayPerceptionSensor.Perceive":{"count":51812,"self":3.2921297999999997,"total":3.2921297999999997,"children":null}}},"AgentAct":{"count":25906,"self":0.45595919999999995,"total":0.45595919999999995,"children":null}},"gauges":{"CarAgent.CumulativeReward":{"count":13,"max":140.62085,"min":36.7601738,"runningAverage":116.319534,"value":41.0861,"weightedAverage":111.306259}},"metadata":{"timer_format_version":"0.1.0","start_time_seconds":"1620514644","unity_version":"2019.4.22f1","command_line_arguments":"C:\\Program Files\\Unity\\Hub\\Editor\\2019.4.22f1\\Editor\\Unity.exe -projectpath D:\/GradCarURP\/GradutionProject -useHub -hubIPC -cloudEnvironment production -hubSessionId dce8aca0-aff0-11eb-879c-edb9de63eeb0 -accessToken whl-2in1trabZ9TWralbRvgNn-isc2WlKyfpcW7EPFM011f","communication_protocol_version":"1.4.0","com.unity.ml-agents_version":"1.8.0-preview","scene_name":"TestTrack","end_time_seconds":"1620515167"}}