{"count":1,"self":37.7330976,"total":37.8068709,"children":{"InitializeActuators":{"count":1,"self":0.00099739999999999985,"total":0.00099739999999999985,"children":null},"InitializeSensors":{"count":1,"self":0.00099739999999999985,"total":0.00099739999999999985,"children":null},"AgentSendState":{"count":1651,"self":0.0189502,"total":0.0349081,"children":{"CollectObservations":{"count":331,"self":0.00099739999999999985,"total":0.00099739999999999985,"children":null},"WriteActionMask":{"count":331,"self":0.0029928999999999997,"total":0.0029928999999999997,"children":null},"RequestDecision":{"count":331,"self":0.0059837,"total":0.0119676,"children":{"RayPerceptionSensor.Perceive":{"count":662,"self":0.0059838999999999995,"total":0.0059838999999999995,"children":null}}}}},"DecideAction":{"count":1651,"self":0.0109696,"total":0.0109696,"children":null},"AgentAct":{"count":1651,"self":0.0249033,"total":0.0249033,"children":null}},"gauges":{},"metadata":{"timer_format_version":"0.1.0","start_time_seconds":"1615884014","unity_version":"2019.4.22f1","command_line_arguments":"C:\\Program Files\\Unity\\Hub\\Editor\\2019.4.22f1\\Editor\\Unity.exe -projectpath D:\/GradCarURP -useHub -hubIPC -cloudEnvironment production -hubSessionId d119eff0-85a8-11eb-bb1b-95688afd4eb6 -accessToken 8LZfgHgdHzkCYTNcvQQOQDb0UGg0yKfaHdqzh4J-c3E011f","communication_protocol_version":"1.4.0","com.unity.ml-agents_version":"1.8.0-preview","scene_name":"Track2","end_time_seconds":"1615884052"}}