{"count":1,"self":698.0422656,"total":6528.6048425,"children":{"InitializeActuators":{"count":9,"self":0.00099019999999999989,"total":0.00099019999999999989,"children":null},"InitializeSensors":{"count":9,"self":0.0019951,"total":0.0019951,"children":null},"AgentSendState":{"count":935501,"self":75.4282176,"total":902.0032165,"children":{"CollectObservations":{"count":8419509,"self":27.931206399999997,"total":27.9312065,"children":null},"WriteActionMask":{"count":8419509,"self":19.4283008,"total":19.428301599999998,"children":null},"RequestDecision":{"count":8419509,"self":56.5074112,"total":779.2154879,"children":{"AgentInfo.ToProto":{"count":8419509,"self":46.994054399999996,"total":722.7080781,"children":{"GenerateSensorData":{"count":8419509,"self":175.5736576,"total":675.7140253,"children":{"RayPerceptionSensor.Perceive":{"count":25258527,"self":500.1403904,"total":500.1403676,"children":null}}}}}}}}},"DecideAction":{"count":935501,"self":4882.9698048,"total":4882.9699098,"children":null},"AgentAct":{"count":935501,"self":45.201408,"total":45.201409,"children":null},"AgentInfo.ToProto":{"count":3722,"self":0.0348473,"total":0.3840916,"children":{"GenerateSensorData":{"count":3722,"self":0.0976286,"total":0.3492443,"children":{"RayPerceptionSensor.Perceive":{"count":11166,"self":0.2516157,"total":0.2516157,"children":null}}}}}},"gauges":{"CarAgent.CumulativeReward":{"count":3722,"max":0.507982552,"min":-4.56186867,"runningAverage":-1.16809714,"value":-0.732036531,"weightedAverage":-0.744948864}},"metadata":{"timer_format_version":"0.1.0","start_time_seconds":"1617082943","unity_version":"2019.4.22f1","command_line_arguments":"C:\\Program Files\\Unity\\Hub\\Editor\\2019.4.22f1\\Editor\\Unity.exe -projectpath D:\/GradCarURP -useHub -hubIPC -cloudEnvironment production -hubSessionId f3949a60-905e-11eb-b5b5-0314e1a183e3 -accessToken bFoRxy_Jjk7cxbhOpy3KR4iFk-MQHxzwdiwApHxtRIE011f","communication_protocol_version":"1.4.0","com.unity.ml-agents_version":"1.8.0-preview","scene_name":"Track5","end_time_seconds":"1617089472"}}