{
    "name": "root",
    "gauges": {
        "CarAgent.Policy.Entropy.mean": {
            "value": 0.6973899602890015,
            "min": 0.6965701580047607,
            "max": 2.114542245864868,
            "count": 1666
        },
        "CarAgent.Policy.Entropy.sum": {
            "value": 10757.9375,
            "min": 6455.1416015625,
            "max": 28703.056640625,
            "count": 1666
        },
        "CarAgent.Policy.ExtrinsicValueEstimate.mean": {
            "value": 5.253671646118164,
            "min": -12.358800888061523,
            "max": 7.938170909881592,
            "count": 1666
        },
        "CarAgent.Policy.ExtrinsicValueEstimate.sum": {
            "value": 78.8050765991211,
            "min": -259.5348205566406,
            "max": 119.07256317138672,
            "count": 1666
        },
        "CarAgent.Environment.EpisodeLength.mean": {
            "value": 4604.75,
            "min": 603.0,
            "max": 8290.0,
            "count": 1601
        },
        "CarAgent.Environment.EpisodeLength.sum": {
            "value": 18419.0,
            "min": 603.0,
            "max": 34733.0,
            "count": 1601
        },
        "CarAgent.Environment.CumulativeReward.mean": {
            "value": 113.93465304374695,
            "min": -214.4123363494873,
            "max": 141.49001789093018,
            "count": 1600
        },
        "CarAgent.Environment.CumulativeReward.sum": {
            "value": 455.7386121749878,
            "min": -1730.7009963989258,
            "max": 771.9013757705688,
            "count": 1600
        },
        "CarAgent.Policy.ExtrinsicReward.mean": {
            "value": 113.93465304374695,
            "min": -214.4123363494873,
            "max": 141.49001789093018,
            "count": 1600
        },
        "CarAgent.Policy.ExtrinsicReward.sum": {
            "value": 455.7386121749878,
            "min": -1730.7009963989258,
            "max": 771.9013757705688,
            "count": 1600
        },
        "CarAgent.IsTraining.mean": {
            "value": 1.0,
            "min": 1.0,
            "max": 1.0,
            "count": 1666
        },
        "CarAgent.IsTraining.sum": {
            "value": 1.0,
            "min": 1.0,
            "max": 1.0,
            "count": 1666
        },
        "CarAgent.Losses.PolicyLoss.mean": {
            "value": 0.016551016853190957,
            "min": 0.014880840838789785,
            "max": 0.0348925542862465,
            "count": 1664
        },
        "CarAgent.Losses.PolicyLoss.sum": {
            "value": 0.016551016853190957,
            "min": 0.014880840838789785,
            "max": 0.061176240203591685,
            "count": 1664
        },
        "CarAgent.Losses.ValueLoss.mean": {
            "value": 0.610344648361206,
            "min": 0.07403202255566915,
            "max": 55.74120663373898,
            "count": 1664
        },
        "CarAgent.Losses.ValueLoss.sum": {
            "value": 0.610344648361206,
            "min": 0.07403202255566915,
            "max": 55.74120663373898,
            "count": 1664
        },
        "CarAgent.Policy.LearningRate.mean": {
            "value": 2.019099327299912e-07,
            "min": 2.019099327299912e-07,
            "max": 0.00029979736506754496,
            "count": 1664
        },
        "CarAgent.Policy.LearningRate.sum": {
            "value": 2.019099327299912e-07,
            "min": 2.019099327299912e-07,
            "max": 0.0005947892117369299,
            "count": 1664
        },
        "CarAgent.Policy.Epsilon.mean": {
            "value": 0.10006726999999997,
            "min": 0.10006726999999997,
            "max": 0.19993245499999998,
            "count": 1664
        },
        "CarAgent.Policy.Epsilon.sum": {
            "value": 0.10006726999999997,
            "min": 0.10006726999999997,
            "max": 0.39826306999999994,
            "count": 1664
        },
        "CarAgent.Policy.Beta.mean": {
            "value": 1.0665972999999977e-05,
            "min": 1.0665972999999977e-05,
            "max": 0.0009993313045000003,
            "count": 1664
        },
        "CarAgent.Policy.Beta.sum": {
            "value": 1.0665972999999977e-05,
            "min": 1.0665972999999977e-05,
            "max": 0.0019828043929999996,
            "count": 1664
        }
    },
    "metadata": {
        "timer_format_version": "0.1.0",
        "start_time_seconds": "1620731652",
        "python_version": "3.7.10 (default, Feb 26 2021, 13:06:18) [MSC v.1916 64 bit (AMD64)]",
        "command_line_arguments": "C:\\Users\\RTX\\.conda\\envs\\ML-Agents-13\\Scripts\\mlagents-learn CarAgent.yaml --run-id=ObstaclesWithHarderBrakesAnd1kbuffer",
        "mlagents_version": "0.24.0",
        "mlagents_envs_version": "0.24.0",
        "communication_protocol_version": "1.4.0",
        "pytorch_version": "1.7.1+cu110",
        "numpy_version": "1.20.1",
        "end_time_seconds": "1620759607"
    },
    "total": 27954.581217699997,
    "count": 1,
    "self": 0.027273399995465297,
    "children": {
        "run_training.setup": {
            "total": 0.10578370000000015,
            "count": 1,
            "self": 0.10578370000000015
        },
        "TrainerController.start_learning": {
            "total": 27954.4481606,
            "count": 1,
            "self": 47.47007069809115,
            "children": {
                "TrainerController._reset_env": {
                    "total": 16.4874771,
                    "count": 1,
                    "self": 16.4874771
                },
                "TrainerController.advance": {
                    "total": 27890.37429630191,
                    "count": 2222785,
                    "self": 26.05747789979432,
                    "children": {
                        "env_step": {
                            "total": 27864.316818402116,
                            "count": 2222785,
                            "self": 19679.553298599792,
                            "children": {
                                "SubprocessEnvManager._take_step": {
                                    "total": 8160.468608201583,
                                    "count": 2222785,
                                    "self": 106.08550489969639,
                                    "children": {
                                        "TorchPolicy.evaluate": {
                                            "total": 8054.383103301887,
                                            "count": 2222785,
                                            "self": 2791.7094490051213,
                                            "children": {
                                                "TorchPolicy.sample_actions": {
                                                    "total": 5262.673654296766,
                                                    "count": 2222785,
                                                    "self": 5262.673654296766
                                                }
                                            }
                                        }
                                    }
                                },
                                "workers": {
                                    "total": 24.294911600739272,
                                    "count": 2222785,
                                    "self": 0.0,
                                    "children": {
                                        "worker_root": {
                                            "total": 27894.030302199313,
                                            "count": 2222785,
                                            "is_parallel": true,
                                            "self": 16727.277942799094,
                                            "children": {
                                                "steps_from_proto": {
                                                    "total": 0.0009040999999996302,