{
    "name": "root",
    "metadata": {
        "timer_format_version": "0.1.0",
        "start_time_seconds": "1621301398",
        "python_version": "3.7.10 (default, Feb 26 2021, 13:06:18) [MSC v.1916 64 bit (AMD64)]",
        "command_line_arguments": "C:\\Users\\RTX\\.conda\\envs\\ML-Agents-13\\Scripts\\mlagents-learn CarAgent10M.yaml --run-id=MultiTrackFinal10M",
        "mlagents_version": "0.24.0",
        "mlagents_envs_version": "0.24.0",
        "communication_protocol_version": "1.4.0",
        "pytorch_version": "1.7.1+cu110",
        "numpy_version": "1.20.1",
        "end_time_seconds": "1621301625"
    },
    "total": 227.36269069999997,
    "count": 1,
    "self": 0.015273799999960147,
    "children": {
        "run_training.setup": {
            "total": 0.3169374000000005,
            "count": 1,
            "self": 0.3169374000000005
        },
        "TrainerController.start_learning": {
            "total": 227.0304795,
            "count": 1,
            "self": 0.29033680000057416,
            "children": {
                "TrainerController._reset_env": {
                    "total": 8.327635,
                    "count": 1,
                    "self": 8.327635
                },
                "TrainerController.advance": {
                    "total": 218.25928539999944,
                    "count": 13167,
                    "self": 0.15708829999988438,
                    "children": {
                        "env_step": {
                            "total": 218.10219709999956,
                            "count": 13167,
                            "self": 166.04849310000043,
                            "children": {
                                "SubprocessEnvManager._take_step": {
                                    "total": 51.90401189999953,
                                    "count": 13167,
                                    "self": 0.6555851999987325,
                                    "children": {
                                        "TorchPolicy.evaluate": {
                                            "total": 51.2484267000008,
                                            "count": 13167,
                                            "self": 15.65337240000018,
                                            "children": {
                                                "TorchPolicy.sample_actions": {
                                                    "total": 35.59505430000062,
                                                    "count": 13167,
                                                    "self": 35.59505430000062
                                                }
                                            }
                                        }
                                    }
                                },
                                "workers": {
                                    "total": 0.14969209999958188,
                                    "count": 13166,
                                    "self": 0.0,
                                    "children": {
                                        "worker_root": {
                                            "total": 159.77890290000047,
                                            "count": 13166,
                                            "is_parallel": true,
                                            "self": 68.83917689999923,
                                            "children": {
                                                "steps_from_proto": {
                                                    "total": 0.000721600000000322,
                                                    "count": 1,
                                                    "is_parallel": true,
                                                    "self": 0.0002172999999983105,
                                                    "children": {
                                                        "_process_vector_observation": {
                                                            "total": 0.0005043000000020115,
                                                            "count": 6,
                                                            "is_parallel": true,
                                                            "self": 0.0005043000000020115
                                                        }
                                                    }
                                                },
                                                "UnityEnvironment.step": {
                                                    "total": 90.93900440000124,
                                                    "count": 13166,
                                                    "is_parallel": true,
                                                    "self": 1.7860818000036005,
                                                    "children": {
                                                        "UnityEnvironment._generate_step_input": {
                                                            "total": 2.1772905999986616,
                                                            "count": 13166,
                                                            "is_parallel": true,
                                                            "self": 2.1772905999986616
                                                        },
                                                        "communicator.exchange": {
                                                            "total": 80.52083230000027,
                                                            "count": 13166,
                                                            "is_parallel": true,
                                                            "self": 80.52083230000027
                                                        },
                                                        "steps_from_proto": {
                                                            "total": 6.454799699998713,
                                                            "count": 13166,
                                                            "is_parallel": true,
                                                            "self": 2.2003659000001274,
                                                            "children": {
                                                                "_process_vector_observation": {
                                                                    "total": 4.254433799998585,
                                                                    "count": 78996,
                                                                    "is_parallel": true,
                                                                    "self": 4.254433799998585
                                                                }
                                                            }
                                                        }
                                                    }
                                                }
                                            }
                                        }
                                    }
                                }
                            }
                        }
                    }
                },
                "TrainerController._save_models": {
                    "total": 0.15322230000001014,
                    "count": 1,
                    "self": 0.006965600000000904,
                    "children": {
                        "RLTrainer._checkpoint": {
                            "total": 0.14625670000000923,
                            "count": 1,
                            "self": 0.14625670000000923
                        }
                    }
                }
            }
        }
    }
}