{
    "name": "root",
    "gauges": {
        "CarAgent.Policy.Entropy.mean": {
            "value": 1.9745442867279053,
            "min": 1.6540095806121826,
            "max": 2.1119954586029053,
            "count": 428
        },
        "CarAgent.Policy.Entropy.sum": {
            "value": 26668.1953125,
            "min": 15569.0458984375,
            "max": 35003.65234375,
            "count": 428
        },
        "CarAgent.Policy.ExtrinsicValueEstimate.mean": {
            "value": -3.9854278564453125,
            "min": -23.099056243896484,
            "max": 1.5838730335235596,
            "count": 428
        },
        "CarAgent.Policy.ExtrinsicValueEstimate.sum": {
            "value": -55.795989990234375,
            "min": -372.98779296875,
            "max": 25.341968536376953,
            "count": 428
        },
        "CarAgent.Environment.EpisodeLength.mean": {
            "value": 1709.6,
            "min": 723.8888888888889,
            "max": 3686.5,
            "count": 428
        },
        "CarAgent.Environment.EpisodeLength.sum": {
            "value": 8548.0,
            "min": 4419.0,
            "max": 20595.0,
            "count": 428
        },
        "CarAgent.Environment.CumulativeReward.mean": {
            "value": -32.6371132850647,
            "min": -169.83720302581787,
            "max": 30.49274452527364,
            "count": 428
        },
        "CarAgent.Environment.CumulativeReward.sum": {
            "value": -163.1855664253235,
            "min": -1661.9389743804932,
            "max": 182.95646715164185,
            "count": 428
        },
        "CarAgent.Policy.ExtrinsicReward.mean": {
            "value": -32.6371132850647,
            "min": -169.83720302581787,
            "max": 30.49274452527364,
            "count": 428
        },
        "CarAgent.Policy.ExtrinsicReward.sum": {
            "value": -163.1855664253235,
            "min": -1661.9389743804932,
            "max": 182.95646715164185,
            "count": 428
        },
        "CarAgent.IsTraining.mean": {
            "value": 1.0,
            "min": 1.0,
            "max": 1.0,
            "count": 428
        },
        "CarAgent.IsTraining.sum": {
            "value": 1.0,
            "min": 1.0,
            "max": 1.0,
            "count": 428
        },
        "CarAgent.Losses.PolicyLoss.mean": {
            "value": 0.07276432052598326,
            "min": 0.061408766733864445,
            "max": 0.0784153910666952,
            "count": 410
        },
        "CarAgent.Losses.PolicyLoss.sum": {
            "value": 0.07276432052598326,
            "min": 0.061408766733864445,
            "max": 0.0784153910666952,
            "count": 410
        },
        "CarAgent.Losses.ValueLoss.mean": {
            "value": 27.66901442523186,
            "min": 0.3157074412349427,
            "max": 63.888431549072266,
            "count": 410
        },
        "CarAgent.Losses.ValueLoss.sum": {
            "value": 27.66901442523186,
            "min": 0.3157074412349427,
            "max": 63.888431549072266,
            "count": 410
        },
        "CarAgent.Policy.LearningRate.mean": {
            "value": 0.000269218762260416,
            "min": 0.000269218762260416,
            "max": 0.000299909964030012,
            "count": 410
        },
        "CarAgent.Policy.LearningRate.sum": {
            "value": 0.000269218762260416,
            "min": 0.000269218762260416,
            "max": 0.000299909964030012,
            "count": 410
        },
        "CarAgent.Policy.Epsilon.mean": {
            "value": 0.18973958400000002,
            "min": 0.18973958400000002,
            "max": 0.19996998800000002,
            "count": 410
        },
        "CarAgent.Policy.Epsilon.sum": {
            "value": 0.18973958400000002,
            "min": 0.18973958400000002,
            "max": 0.19996998800000002,
            "count": 410
        },
        "CarAgent.Policy.Beta.mean": {
            "value": 0.0008984218815999995,
            "min": 0.0008984218815999995,
            "max": 0.0009997028811999998,
            "count": 410
        },
        "CarAgent.Policy.Beta.sum": {
            "value": 0.0008984218815999995,
            "min": 0.0008984218815999995,
            "max": 0.0009997028811999998,
            "count": 410
        }
    },
    "metadata": {
        "timer_format_version": "0.1.0",
        "start_time_seconds": "1619031002",
        "python_version": "3.7.10 (default, Feb 26 2021, 13:06:18) [MSC v.1916 64 bit (AMD64)]",
        "command_line_arguments": "C:\\Users\\RTX\\.conda\\envs\\ML-Agents-13\\Scripts\\mlagents-learn CarAgent.yaml --run-id=RewardForBrakes",
        "mlagents_version": "0.24.0",
        "mlagents_envs_version": "0.24.0",
        "communication_protocol_version": "1.4.0",
        "pytorch_version": "1.7.1+cu110",
        "numpy_version": "1.20.1",
        "end_time_seconds": "1619039640"
    },
    "total": 8637.9931908,
    "count": 1,
    "self": 0.003839200000584242,
    "children": {
        "run_training.setup": {
            "total": 0.32370250000000045,
            "count": 1,
            "self": 0.32370250000000045
        },
        "TrainerController.start_learning": {
            "total": 8637.6656491,
            "count": 1,
            "self": 18.118075000042154,
            "children": {
                "TrainerController._reset_env": {
                    "total": 40.9777552,
                    "count": 1,
                    "self": 40.9777552
                },
                "TrainerController.advance": {
                    "total": 8578.473579899959,
                    "count": 858417,
                    "self": 10.400918399725924,
                    "children": {
                        "env_step": {
                            "total": 8568.072661500233,
                            "count": 858417,
                            "self": 4699.099239701181,
                            "children": {
                                "SubprocessEnvManager._take_step": {
                                    "total": 3859.5601245996622,
                                    "count": 858417,
                                    "self": 48.70043659942803,
                                    "children": {
                                        "TorchPolicy.evaluate": {
                                            "total": 3810.859688000234,
                                            "count": 858417,
                                            "self": 1750.837169700868,
                                            "children": {
                                                "TorchPolicy.sample_actions": {
                                                    "total": 2060.0225182993663,
                                                    "count": 858417,
                                                    "self": 2060.0225182993663
                                                }
                                            }
                                        }
                                    }
                                },
                                "workers": {
                                    "total": 9.413297199389518,
                                    "count": 858416,
                                    "self": 0.0,
                                    "children": {
                                        "worker_root": {
                                            "total": 8579.179801699995,
                                            "count": 858416,
                                            "is_parallel": true,
                                            "self": 4684.501980400386,
                                            "children": {
                                                "steps_from_proto": {
                                                    "total": 0.004362000000000421,