{
    "name": "root",
    "metadata": {
        "timer_format_version": "0.1.0",
        "start_time_seconds": "1619039706",
        "python_version": "3.7.10 (default, Feb 26 2021, 13:06:18) [MSC v.1916 64 bit (AMD64)]",
        "command_line_arguments": "C:\\Users\\RTX\\.conda\\envs\\ML-Agents-13\\Scripts\\mlagents-learn CarAgent.yaml --run-id=RewardForBrakes1",
        "mlagents_version": "0.24.0",
        "mlagents_envs_version": "0.24.0",
        "communication_protocol_version": "1.4.0",
        "pytorch_version": "1.7.1+cu110",
        "numpy_version": "1.20.1",
        "end_time_seconds": "1619039734"
    },
    "total": 28.5775051,
    "count": 1,
    "self": 0.0035184000000008098,
    "children": {
        "run_training.setup": {
            "total": 0.10145620000000011,
            "count": 1,
            "self": 0.10145620000000011
        },
        "TrainerController.start_learning": {
            "total": 28.472530499999998,
            "count": 1,
            "self": 0.028699399999929653,
            "children": {
                "TrainerController._reset_env": {
                    "total": 20.3057282,
                    "count": 1,
                    "self": 20.3057282
                },
                "TrainerController.advance": {
                    "total": 8.019940000000066,
                    "count": 1017,
                    "self": 0.010191000000080663,
                    "children": {
                        "env_step": {
                            "total": 8.009748999999985,
                            "count": 1017,
                            "self": 4.880274499999874,
                            "children": {
                                "SubprocessEnvManager._take_step": {
                                    "total": 3.120505500000018,
                                    "count": 1017,
                                    "self": 0.04188419999994508,
                                    "children": {
                                        "TorchPolicy.evaluate": {
                                            "total": 3.078621300000073,
                                            "count": 1017,
                                            "self": 0.8246058000001035,
                                            "children": {
                                                "TorchPolicy.sample_actions": {
                                                    "total": 2.2540154999999693,
                                                    "count": 1017,
                                                    "self": 2.2540154999999693
                                                }
                                            }
                                        }
                                    }
                                },
                                "workers": {
                                    "total": 0.00896900000009282,
                                    "count": 1016,
                                    "self": 0.0,
                                    "children": {
                                        "worker_root": {
                                            "total": 8.910486599999992,
                                            "count": 1016,
                                            "is_parallel": true,
                                            "self": 4.752519800000059,
                                            "children": {
                                                "steps_from_proto": {
                                                    "total": 0.0004846000000000572,
                                                    "count": 1,
                                                    "is_parallel": true,
                                                    "self": 0.00019130000000799896,
                                                    "children": {
                                                        "_process_vector_observation": {
                                                            "total": 0.00029329999999205825,
                                                            "count": 6,
                                                            "is_parallel": true,
                                                            "self": 0.00029329999999205825
                                                        }
                                                    }
                                                },
                                                "UnityEnvironment.step": {
                                                    "total": 4.157482199999933,
                                                    "count": 1016,
                                                    "is_parallel": true,
                                                    "self": 0.08806330000012963,
                                                    "children": {
                                                        "UnityEnvironment._generate_step_input": {
                                                            "total": 0.09028349999992713,
                                                            "count": 1016,
                                                            "is_parallel": true,
                                                            "self": 0.09028349999992713
                                                        },
                                                        "communicator.exchange": {
                                                            "total": 3.6298794999999195,
                                                            "count": 1016,
                                                            "is_parallel": true,
                                                            "self": 3.6298794999999195
                                                        },
                                                        "steps_from_proto": {
                                                            "total": 0.34925589999995665,
                                                            "count": 1016,
                                                            "is_parallel": true,
                                                            "self": 0.14284689999989908,
                                                            "children": {
                                                                "_process_vector_observation": {
                                                                    "total": 0.20640900000005757,
                                                                    "count": 6096,
                                                                    "is_parallel": true,
                                                                    "self": 0.20640900000005757
                                                                }
                                                            }
                                                        }
                                                    }
                                                }
                                            }
                                        }
                                    }
                                }
                            }
                        }
                    }
                },
                "trainer_threads": {
                    "total": 1.3900000002564639e-05,
                    "count": 1,
                    "self": 1.3900000002564639e-05,
                    "children": {
                        "thread_root": {
                            "total": 0.0,
                            "count": 0,
                            "is_parallel": true,
                            "self": 0.0,
                            "children": {
                                "trainer_advance": {
                                    "total": 8.042253599999942,