{
    "name": "root",
    "gauges": {
        "CarAgent.Policy.Entropy.mean": {
            "value": 0.07019632309675217,
            "min": -0.4484976828098297,
            "max": 1.8811581134796143,
            "count": 178
        },
        "CarAgent.Policy.Entropy.sum": {
            "value": 704.069091796875,
            "min": -4469.279296875,
            "max": 21341.73828125,
            "count": 178
        },
        "CarAgent.Policy.ExtrinsicValue.mean": {
            "value": 183.55581665039062,
            "min": -5.383492469787598,
            "max": 191.7910614013672,
            "count": 178
        },
        "CarAgent.Policy.ExtrinsicValue.sum": {
            "value": 29001.818359375,
            "min": -861.3587646484375,
            "max": 30494.779296875,
            "count": 178
        },
        "CarAgent.Losses.PolicyLoss.mean": {
            "value": -362.8108402697871,
            "min": -378.5726168570928,
            "max": 10.161526234548834,
            "count": 178
        },
        "CarAgent.Losses.PolicyLoss.sum": {
            "value": -734691.9515463188,
            "min": -758659.5241816139,
            "max": 20262.083311690374,
            "count": 178
        },
        "CarAgent.Losses.ValueLoss.mean": {
            "value": 3.755320672290526,
            "min": 0.03109405159200228,
            "max": 4.048975071774846,
            "count": 178
        },
        "CarAgent.Losses.ValueLoss.sum": {
            "value": 7604.524361388316,
            "min": 55.907104762420104,
            "max": 8069.607318047269,
            "count": 178
        },
        "CarAgent.Losses.Q1Loss.mean": {
            "value": 32.75444642597127,
            "min": 1.0244633336099644,
            "max": 36.979708001912854,
            "count": 178
        },
        "CarAgent.Losses.Q1Loss.sum": {
            "value": 66327.75401259182,
            "min": 1841.9850738307161,
            "max": 73700.55804781232,
            "count": 178
        },
        "CarAgent.Losses.Q2Loss.mean": {
            "value": 32.169606758235076,
            "min": 1.0254419569065993,
            "max": 36.62963314477236,
            "count": 178
        },
        "CarAgent.Losses.Q2Loss.sum": {
            "value": 65143.45368542604,
            "min": 1843.7446385180656,
            "max": 73002.85885753132,
            "count": 178
        },
        "CarAgent.Policy.DiscreteEntropyCoeff.mean": {
            "value": 0.6167724079047294,
            "min": 0.10366732957969946,
            "max": 0.899029962860161,
            "count": 178
        },
        "CarAgent.Policy.DiscreteEntropyCoeff.sum": {
            "value": 1248.964126007077,
            "min": 207.85299580729742,
            "max": 1788.1705961288603,
            "count": 178
        },
        "CarAgent.Policy.ContinuousEntropyCoeff.mean": {
            "value": 0.3451124186191986,
            "min": 0.05486409381048266,
            "max": 0.5509485691303182,
            "count": 178
        },
        "CarAgent.Policy.ContinuousEntropyCoeff.sum": {
            "value": 698.8526477038772,
            "min": 109.61845943334436,
            "max": 990.6055272963122,
            "count": 178
        },
        "CarAgent.Policy.LearningRate.mean": {
            "value": 0.0003,
            "min": 0.0002999999999999999,
            "max": 0.00030000000000000003,
            "count": 178
        },
        "CarAgent.Policy.LearningRate.sum": {
            "value": 0.6074999999999999,
            "min": 0.528,
            "max": 0.6731999999999999,
            "count": 178
        },
        "CarAgent.Environment.EpisodeLength.mean": {
            "value": 1857.3333333333333,
            "min": 1005.5555555555555,
            "max": 1857.3333333333333,
            "count": 178
        },
        "CarAgent.Environment.EpisodeLength.sum": {
            "value": 11144.0,
            "min": 4493.0,
            "max": 15559.0,
            "count": 178
        },
        "CarAgent.Environment.CumulativeReward.mean": {
            "value": -238.35202140808104,
            "min": -252.6890045574733,
            "max": -109.04923769583304,
            "count": 178
        },
        "CarAgent.Environment.CumulativeReward.sum": {
            "value": -1191.7601070404053,
            "min": -1823.6120301485062,
            "max": -686.7130131721497,
            "count": 178
        },
        "CarAgent.Policy.ExtrinsicReward.mean": {
            "value": -238.35202140808104,
            "min": -252.6890045574733,
            "max": -109.04923769583304,
            "count": 178
        },
        "CarAgent.Policy.ExtrinsicReward.sum": {
            "value": -1191.7601070404053,
            "min": -1823.6120301485062,
            "max": -686.7130131721497,
            "count": 178
        },
        "CarAgent.IsTraining.mean": {
            "value": 1.0,
            "min": 1.0,
            "max": 1.0,
            "count": 178
        },
        "CarAgent.IsTraining.sum": {
            "value": 1.0,
            "min": 1.0,
            "max": 1.0,
            "count": 178
        }
    },
    "metadata": {
        "timer_format_version": "0.1.0",
        "start_time_seconds": "1620829591",
        "python_version": "3.7.10 (default, Feb 26 2021, 13:06:18) [MSC v.1916 64 bit (AMD64)]",
        "command_line_arguments": "C:\\Users\\RTX\\.conda\\envs\\ML-Agents-13\\Scripts\\mlagents-learn CarAgentSAC.yaml --run-id=SAC4",
        "mlagents_version": "0.24.0",
        "mlagents_envs_version": "0.24.0",
        "communication_protocol_version": "1.4.0",
        "pytorch_version": "1.7.1+cu110",
        "numpy_version": "1.20.1",
        "end_time_seconds": "1620844758"
    },
    "total": 15166.345025,
    "count": 1,
    "self": 0.06795730000158073,
    "children": {
        "run_training.setup": {
            "total": 0.3199622999999998,
            "count": 1,
            "self": 0.3199622999999998
        },
        "TrainerController.start_learning": {
            "total": 15165.957105399999,
            "count": 1,
            "self": 17.63694379995104,
            "children": {
                "TrainerController._reset_env": {
                    "total": 6.656335499999999,
                    "count": 1,
                    "self": 6.656335499999999
                },
                "TrainerController.advance": {
                    "total": 15137.374563700048,
                    "count": 357091,
                    "self": 4.459046100555497,
                    "children": {
                        "env_step": {
                            "total": 15132.915517599493,
                            "count": 357091,
                            "self": 12847.827315399987,
                            "children": {
                                "SubprocessEnvManager._take_step": {
                                    "total": 2280.7438582997956,
                                    "count": 357091,
                                    "self": 19.00396419908202,
                                    "children": {
                                        "TorchPolicy.evaluate": {
                                            "total": 2261.7398941007136,
                                            "count": 357091,
                                            "self": 840.1943296007739,
                                            "children": {
                                                "TorchPolicy.sample_actions": {
                                                    "total": 1421.5455644999397,
                                                    "count": 357091,
                                                    "self": 1421.5455644999397
                                                }
                                            }
                                        }
                                    }
                                },