{
    "name": "root",
    "gauges": {
        "CarAgent.Policy.Entropy.mean": {
            "value": 0.3568436801433563,
            "min": 0.35638052225112915,
            "max": 2.112027168273926,
            "count": 1666
        },
        "CarAgent.Policy.Entropy.sum": {
            "value": 4267.8505859375,
            "min": 2780.172119140625,
            "max": 40490.45703125,
            "count": 1666
        },
        "CarAgent.Policy.ExtrinsicValueEstimate.mean": {
            "value": 2.9979052543640137,
            "min": -12.254693984985352,
            "max": 9.47941780090332,
            "count": 1666
        },
        "CarAgent.Policy.ExtrinsicValueEstimate.sum": {
            "value": 41.970672607421875,
            "min": -222.58401489257812,
            "max": 161.1501007080078,
            "count": 1666
        },
        "CarAgent.IsTraining.mean": {
            "value": 1.0,
            "min": 1.0,
            "max": 1.0,
            "count": 1666
        },
        "CarAgent.IsTraining.sum": {
            "value": 1.0,
            "min": 1.0,
            "max": 1.0,
            "count": 1666
        },
        "CarAgent.Losses.PolicyLoss.mean": {
            "value": 0.024335884923736253,
            "min": 0.014005448255920783,
            "max": 0.03510640103292341,
            "count": 1664
        },
        "CarAgent.Losses.PolicyLoss.sum": {
            "value": 0.024335884923736253,
            "min": 0.014005448255920783,
            "max": 0.06064874780519555,
            "count": 1664
        },
        "CarAgent.Losses.ValueLoss.mean": {
            "value": 0.5224449877937635,
            "min": 0.03701533830414216,
            "max": 55.46442725441673,
            "count": 1664
        },
        "CarAgent.Losses.ValueLoss.sum": {
            "value": 0.5224449877937635,
            "min": 0.03701533830414216,
            "max": 78.31112140019735,
            "count": 1664
        },
        "CarAgent.Policy.LearningRate.mean": {
            "value": 2.1119492963498342e-07,
            "min": 2.1119492963498342e-07,
            "max": 0.00029980500006500003,
            "count": 1664
        },
        "CarAgent.Policy.LearningRate.sum": {
            "value": 2.1119492963498342e-07,
            "min": 2.1119492963498342e-07,
            "max": 0.000596221546259485,
            "count": 1664
        },
        "CarAgent.Policy.Epsilon.mean": {
            "value": 0.10007036500000002,
            "min": 0.10007036500000002,
            "max": 0.199935,
            "count": 1664
        },
        "CarAgent.Policy.Epsilon.sum": {
            "value": 0.10007036500000002,
            "min": 0.10007036500000002,
            "max": 0.3987405150000001,
            "count": 1664
        },
        "CarAgent.Policy.Beta.mean": {
            "value": 1.069661349999995e-05,
            "min": 1.069661349999995e-05,
            "max": 0.0009993565,
            "count": 1664
        },
        "CarAgent.Policy.Beta.sum": {
            "value": 1.069661349999995e-05,
            "min": 1.069661349999995e-05,
            "max": 0.0019875310985,
            "count": 1664
        },
        "CarAgent.Environment.EpisodeLength.mean": {
            "value": 6753.0,
            "min": 395.0,
            "max": 13647.25,
            "count": 1456
        },
        "CarAgent.Environment.EpisodeLength.sum": {
            "value": 20259.0,
            "min": 395.0,
            "max": 55533.0,
            "count": 1456
        },
        "CarAgent.Environment.CumulativeReward.mean": {
            "value": 139.46172936757407,
            "min": -187.28692245483398,
            "max": 140.63783836364746,
            "count": 1461
        },
        "CarAgent.Environment.CumulativeReward.sum": {
            "value": 418.38518810272217,
            "min": -2434.729991912842,
            "max": 974.5934219360352,
            "count": 1461
        },
        "CarAgent.Policy.ExtrinsicReward.mean": {
            "value": 139.46172936757407,
            "min": -187.28692245483398,
            "max": 140.63783836364746,
            "count": 1461
        },
        "CarAgent.Policy.ExtrinsicReward.sum": {
            "value": 418.38518810272217,
            "min": -2434.729991912842,
            "max": 974.5934219360352,
            "count": 1461
        }
    },
    "metadata": {
        "timer_format_version": "0.1.0",
        "start_time_seconds": "1621384113",
        "python_version": "3.7.10 (default, Feb 26 2021, 13:06:18) [MSC v.1916 64 bit (AMD64)]",
        "command_line_arguments": "C:\\Users\\RTX\\.conda\\envs\\ML-Agents-13\\Scripts\\mlagents-learn CarAgent.yaml --run-id=ProEasy20M",
        "mlagents_version": "0.24.0",
        "mlagents_envs_version": "0.24.0",
        "communication_protocol_version": "1.4.0",
        "pytorch_version": "1.7.1+cu110",
        "numpy_version": "1.20.1",
        "end_time_seconds": "1621401194"
    },
    "total": 17081.4913492,
    "count": 1,
    "self": 0.031889900004898664,
    "children": {
        "run_training.setup": {
            "total": 0.10973800000000011,
            "count": 1,
            "self": 0.10973800000000011
        },
        "TrainerController.start_learning": {
            "total": 17081.349721299997,
            "count": 1,
            "self": 33.362121500285866,
            "children": {
                "TrainerController._reset_env": {
                    "total": 38.823700599999995,
                    "count": 1,
                    "self": 38.823700599999995
                },
                "TrainerController.advance": {
                    "total": 17009.05218449971,
                    "count": 1538887,
                    "self": 18.29689829954441,
                    "children": {
                        "env_step": {
                            "total": 16990.755286200165,
                            "count": 1538887,
                            "self": 11063.364316498437,
                            "children": {
                                "SubprocessEnvManager._take_step": {
                                    "total": 5910.246559100322,
                                    "count": 1538887,
                                    "self": 78.05424439895523,
                                    "children": {
                                        "TorchPolicy.evaluate": {
                                            "total": 5832.192314701367,
                                            "count": 1538887,
                                            "self": 2140.677446102164,
                                            "children": {
                                                "TorchPolicy.sample_actions": {
                                                    "total": 3691.5148685992026,
                                                    "count": 1538887,
                                                    "self": 3691.5148685992026
                                                }
                                            }
                                        }
                                    }
                                },
                                "workers": {
                                    "total": 17.144410601406328,
                                    "count": 1538887,
                                    "self": 0.0,
                                    "children": {
                                        "worker_root": {
                                            "total": 17012.807522899613,
                                            "count": 1538887,
                                            "is_parallel": true,
                                            "self": 7909.5763104007565,
                                            "children": {
                                                "steps_from_proto": {
                                                    "total": 0.0006319999999959691,